平台,link,品牌,产品,型号,类别,价格,总评价数,好评率,好评数,中评数,差评数,追评数,晒图数,标题,产品ID,抓取时间
京东,https://item.jd.com/27948351341.html,小诗玛（XISMA）,小诗玛（XISMA）洁面仪,XISMA电动洁面仪女 面部清洁器 洗脸仪洗脸机女士洗脸器 去油祛黑头送三种电动刷头 白色,家用电器,168.00,4,1.0,4,0,0,0,3,"电动', '女 面部清洁器 洗脸仪洗脸机女士洗脸器 去油祛黑头送三种电动刷头 白色",27948351341,2018-05-17 23:55:32
京东,https://item.jd.com/12515807878.html,嫩芙（Runve）,嫩芙（Runve）洁面仪,嫩芙（Runve） RUNVE嫩芙 台湾去油脂电动洁面仪洗脸器卸妆毛孔清洁洗脸刷,家用电器,50.90,80,1.0,80,0,0,0,3,"嫩芙（Runve） RUNVE嫩芙 台湾去油脂电动', '洗脸器卸妆毛孔清洁洗脸刷",12515807878,2018-05-17 23:55:32
京东,https://item.jd.com/27423711544.html,科莱丽（Clarisonic）,科莱丽（Clarisonic）洁面仪,科莱丽（Clarisonic）声波电动洁面仪 Smar Profile Uplift 清洁按摩美容仪 洁面仪Smart Profile Up,家用电器,2499.00,0,1.0,0,0,0,0,0,"科莱丽（Clarisonic）声波电动', ' Smar Profile Uplift 清洁按摩美容仪 ', 'Smart Profile Up",27423711544,2018-05-17 23:55:32
京东,https://item.jd.com/26339937488.html,飞利浦（PHILIPS）,飞利浦（PHILIPS）洁面仪,飞利浦（PHILIPS） SC5265/12 洁肤洁面仪,家用电器,999.00,0,1.0,0,0,0,0,0,飞利浦（PHILIPS） SC5265/12 洁肤,26339937488,2018-05-17 23:55:32
京东,https://item.jd.com/25416952342.html,too cool for school,too cool for school洁面仪,涂酷（too cool for school） 洗脸刷洗脸仪洁面仪,家用电器,9.90,10,1.0,10,0,0,0,0,涂酷（too cool for school） 洗脸刷洗脸仪,25416952342,2018-05-17 23:55:32
京东,https://item.jd.com/28003441139.html,康美森（Konmison）,康美森（Konmison）洁面仪,康美森硅胶洁面仪家用充电式电动洗面仪刷洗脸神器毛孔清理美容 蓝色,家用电器,99.00,0,1.0,0,0,0,0,0,"康美森硅胶', '家用充电式电动洗面仪刷洗脸神器毛孔清理美容 蓝色",28003441139,2018-05-17 23:55:32
京东,https://item.jd.com/12840564680.html,松下（Panasonic）,松下（Panasonic）洁面仪,松下（Panasonic） 泡沫洁面仪EH-SC65-P 电动毛孔清洁器充电洁肤洗脸仪 粉色EH-SC65-P,家用电器,1099.00,40,1.0,40,0,0,0,2,"松下（Panasonic） 泡沫', 'EH-SC65-P 电动毛孔清洁器充电洁肤洗脸仪 粉色EH-SC65-P",12840564680,2018-05-17 23:55:32
京东,https://item.jd.com/27198582010.html,睿琪智盛,睿琪智盛洁面仪,硅胶洁面仪 洗脸仪  硅胶防水洗脸刷 电动毛孔清洁器 美容仪 脸部清洁仪 蓝色,家用电器,68.00,0,1.0,0,0,0,0,0,"硅胶', ' 洗脸仪  硅胶防水洗脸刷 电动毛孔清洁器 美容仪 脸部清洁仪 蓝色",27198582010,2018-05-17 23:55:32
京东,https://item.jd.com/25900521490.html,科莱丽（Clarisonic）,科莱丽（Clarisonic）洁面仪,科莱丽（Clarisonic） 洁面仪Mia2限量版“爱神之冕” 纹身王冠定制款 Mia2粉 限量版“爱神之冕”,家用电器,1199.00,0,1.0,0,0,0,0,0,"科莱丽（Clarisonic） ', 'Mia2限量版“爱神之冕” 纹身王冠定制款 Mia2粉 限量版“爱神之冕",25900521490,2018-05-17 23:55:32
京东,https://item.jd.com/17158003732.html,佩丽（PEILLY）,佩丽（PEILLY）洁面仪,佩丽（PEILLY） Peilly佩丽 电动充电洁面仪硅胶洗脸刷家用毛孔清洁器洗脸仪器 浪漫粉,家用电器,169.00,3,1.0,3,0,0,0,0,"佩丽（PEILLY） Peilly佩丽 电动充电', '硅胶洗脸刷家用毛孔清洁器洗脸仪器 浪漫粉",17158003732,2018-05-17 23:55:32
京东,https://item.jd.com/12156060839.html,MKS,MKS洁面仪,美克斯（MKS）NV8268升级版电动洁面仪美容仪器家用洗脸机毛孔清洁器去油黑头 白色 白色,家用电器,199.00,8,0.87,7,1,0,0,1,"美克斯（MKS）NV8268升级版电动', '美容仪器家用洗脸机毛孔清洁器去油黑头 白色 白色",12156060839,2018-05-17 23:55:32
京东,https://item.jd.com/4383686.html,悦诗风吟（Innisfree）,悦诗风吟（Innisfree）洁面仪,悦诗风吟美妆工具,美妆护肤,190.00,6600,0.99,6500,30,20,10,400,悦诗风吟 Innisfree 轻澈,4383686,2018-05-17 23:55:32
京东,https://item.jd.com/3005543.html,科莱丽（Clarisonic）,科莱丽（Clarisonic）洁面仪,科莱丽洁面,家用电器,300.00,100,1.0,100,0,0,0,5,科莱丽（Clarisonic）深彻净颜仪面部刷头 娇嫩/正常/敏感/洁净型（刷头随机发送，赠品勿拍,3005543,2018-05-17 23:55:32
京东,https://item.jd.com/5729508.html,科莱丽（Clarisonic）,科莱丽（Clarisonic）洁面仪,科莱丽S2348800U,家用电器,1199.00,1600,1.0,1600,0,0,0,0,"科莱丽 Clarisonic 声波电动', ' Mia2 便携型 毛孔清洁美容仪 洗脸仪（粉色",5729508,2018-05-17 23:55:32
京东,https://item.jd.com/16004493431.html,依氏之谜（YESMET）,依氏之谜（YESMET）洁面仪,依氏之谜（YESMET） 电动洁面仪 洁肤仪器洗脸刷 家用美容仪 面部清洁器 去黑头仪器 深层清洁肌肤,家用电器,99.00,1100,0.99,1100,1,3,2,0,"依氏之谜（YESMET） 电动', ' 洁肤仪器洗脸刷 家用美容仪 面部清洁器 去黑头仪器 深层清洁肌肤",16004493431,2018-05-17 23:55:32
京东,https://item.jd.com/10822910936.html,晶群（jingqun）,晶群（jingqun）洁面仪,【闪电发货】晶群 充电电动洁面仪洗脸刷手工洁面刷洗脸刷脸部清洁刷清洁器洗脸器USB按摩器 粉色,家用电器,39.90,1700,0.97,1700,10,20,10,300,"闪电发货】晶群 充电电动', '洗脸刷手工洁面刷洗脸刷脸部清洁刷清洁器洗脸器USB按摩器 粉色",10822910936,2018-05-17 23:55:32
京东,https://item.jd.com/21077027503.html,飞利浦（PHILIPS）,飞利浦（PHILIPS）洁面仪,飞利浦（PHILIPS）眼部能量仪 MS3020 眼部按摩仪眼部护眼仪眼周焕亮仪缓解黑眼圈,家用电器,1388.00,0,1.0,0,0,0,0,0,飞利浦（PHILIPS）眼部能量仪 MS3020 眼部按摩仪眼部护眼仪眼周焕亮仪缓解黑眼圈,21077027503,2018-05-17 23:55:32
京东,https://item.jd.com/19937335380.html,匹奇（PRITECH）,匹奇（PRITECH）洁面仪,匹奇（PRITECH） 多功能电动洁面 脸部眼部 按摩 美容仪 毛孔清洁 美容仪器 白色,家用电器,149.00,0,1.0,0,0,0,0,0,匹奇（PRITECH） 多功能电动洁面 脸部眼部 按摩 美容仪 毛孔清洁 美容仪器 白色,19937335380,2018-05-17 23:55:32
京东,https://item.jd.com/20558394571.html,飞利浦（PHILIPS）,飞利浦（PHILIPS）洁面仪,飞利浦（PHILIPS）SC2800超音波滋养仪 VisaBoost超音波美肤滋养仪 幻彩紫,家用电器,1199.00,0,1.0,0,0,0,0,0,飞利浦（PHILIPS）SC2800超音波滋养仪 VisaBoost超音波美肤滋养仪 幻彩紫,20558394571,2018-05-17 23:55:33
京东,https://item.jd.com/11657441427.html,MKS,MKS洁面仪,MKS/美克斯 导入导出仪 面部美容仪器冷热多功能冰肌美容仪脸部按摩仪 浅紫色,家用电器,299.00,40,1.0,40,0,0,0,6,美克斯 导入导出仪 面部美容仪器冷热多功能冰肌美容仪脸部按摩仪 浅紫色,11657441427,2018-05-17 23:55:33
京东,https://item.jd.com/26634522943.html,飞利浦（PHILIPS）,飞利浦（PHILIPS）洁面仪,美容仪脸部按摩器洁面洗脸仪 电动洗脸刷 多功能SPA仪SC5363/10-3个配件,家用电器,2199.00,0,1.0,0,0,0,0,0,美容仪脸部按摩器洁面洗脸仪 电动洗脸刷 多功能SPA仪SC5363/10-3个配件,26634522943,2018-05-17 23:55:33
京东,https://item.jd.com/21082052605.html,飞利浦（PHILIPS）,飞利浦（PHILIPS）洁面仪,飞利浦（PHILIPS）焕肤仪SC6240 充电式微晶紧致嫩肤仪 提拉紧致去除角质 ,家用电器,2188.00,0,1.0,0,0,0,0,0,飞利浦（PHILIPS）焕肤仪SC6240 充电式微晶紧致嫩肤仪 提拉紧致去除角质,21082052605,2018-05-17 23:55:33
京东,https://item.jd.com/26881868464.html,雅诗卡洛（YASHICORAL）,雅诗卡洛（YASHICORAL）洁面仪,雅诗卡洛 吸黑头仪器去黑头吸出器电动仪器美容仪毛孔清洁器祛粉刺导出洁洗面仪器 6档可调 白色,家用电器,239.00,1,1.0,1,0,0,0,0,雅诗卡洛 吸黑头仪器去黑头吸出器电动仪器美容仪毛孔清洁器祛粉刺导出洁洗面仪器 6档可调 白色,26881868464,2018-05-17 23:55:33
京东,https://item.jd.com/18808971009.html,飞利浦（PHILIPS）,飞利浦（PHILIPS）洁面仪,飞利浦（PHILIPS）眼部按摩头SC6040 适配SC5340多功能SPA仪多功能洁面,家用电器,292.00,0,1.0,0,0,0,0,0,飞利浦（PHILIPS）眼部按摩头SC6040 适配SC5340多功能SPA仪多功能洁面,18808971009,2018-05-17 23:55:33
京东,https://item.jd.com/18898559256.html,飞利浦（PHILIPS）,飞利浦（PHILIPS）洁面仪,飞利浦（PHILIPS）男士美容器 多功能面部护理 脸部按摩仪MS5085/00,家用电器,2199.00,1,1.0,1,0,0,0,0,飞利浦（PHILIPS）男士美容器 多功能面部护理 脸部按摩仪MS5085/00,18898559256,2018-05-17 23:55:33
京东,https://item.jd.com/7265741.html,飞利浦（PHILIPS）,飞利浦（PHILIPS）洁面仪,飞利浦组套,家用电器,699.00,7600,0.99,7500,10,10,30,200,飞利浦（PHILIPS）洁肤仪迷你版MS1011+BSC111/08情侣限量套装,7265741,2018-05-17 23:55:33
京东,https://item.jd.com/28102154887.html,金稻,金稻洁面仪,【品牌盛典】金稻 电动黑头仪真空去黑头吸出粉刺收缩毛孔电动清洁导出 KD802,家用电器,188.00,0,1.0,0,0,0,0,0,品牌盛典】金稻 电动黑头仪真空去黑头吸出粉刺收缩毛孔电动清洁导出 KD802,28102154887,2018-05-17 23:55:33
京东,https://item.jd.com/27826807841.html,金稻（KINGDOMCARES）,金稻（KINGDOMCARES）洁面仪,金稻负压式吸黑头毛孔清洁器 粉刺洁净黑头铲吸黑头机 强力吸黑头收细毛孔（KINGDOM）KD802 负压式吸黑头仪,家用电器,188.00,0,1.0,0,0,0,0,0,金稻负压式吸黑头毛孔清洁器 粉刺洁净黑头铲吸黑头机 强力吸黑头收细毛孔（KINGDOM）KD802 负压式吸黑头仪,27826807841,2018-05-17 23:55:33
京东,https://item.jd.com/22316866346.html,精睿（JR）,精睿（JR）洁面仪,精睿（JR） 超声波洁面仪硅胶电动按摩洗脸 女男机硅胶洗面仪 浅蓝色,家用电器,88.00,20,1.0,20,0,0,0,0,"精睿（JR） 超声波', '硅胶电动按摩洗脸 女男机硅胶洗面仪 浅蓝色",22316866346,2018-05-17 23:55:33
京东,https://item.jd.com/26424521090.html,金稻（KINGDOMCARES）,金稻（KINGDOMCARES）洁面仪,金稻吸黑头神器 电动吸毛孔清洁器 小气泡美容仪祛粉刺去黑头仪器 白色,家用电器,138.00,3,1.0,3,0,0,0,1,金稻吸黑头神器 电动吸毛孔清洁器 小气泡美容仪祛粉刺去黑头仪器 白色,26424521090,2018-05-17 23:55:33
京东,https://item.jd.com/18897147339.html,飞利浦（PHILIPS）,飞利浦（PHILIPS）洁面仪,飞利浦（PHILIPS）洁肤仪BSC201女士美容仪洗脸刷毛孔清洁器BSC201/82,家用电器,828.00,0,1.0,0,0,0,0,0,飞利浦（PHILIPS）洁肤仪BSC201女士美容仪洗脸刷毛孔清洁器BSC201/82,18897147339,2018-05-17 23:55:33
京东,https://item.jd.com/21238437886.html,飞利浦（PHILIPS）,飞利浦（PHILIPS）洁面仪,飞利浦（PHILIPS） 洁面仪替换刷头毛孔清洁刷头MS596/51适用飞利浦男士洁面仪,家用电器,119.00,0,1.0,0,0,0,0,0,"飞利浦（PHILIPS） ', '替换刷头毛孔清洁刷头MS596/51适用飞利浦男士",21238437886,2018-05-17 23:55:33
京东,https://item.jd.com/11551708693.html,飞利浦（PHILIPS）,飞利浦（PHILIPS）洁面仪,飞利浦（PHILIPS） 洁面洁肤仪SC5273 毛孔清洁器 美容电动洗脸刷洁肤仪,家用电器,969.00,1,1.0,1,0,0,0,0,飞利浦（PHILIPS） 洁面洁肤仪SC5273 毛孔清洁器 美容电动洗脸刷洁肤仪,11551708693,2018-05-17 23:55:33
京东,https://item.jd.com/26339929694.html,飞利浦（PHILIPS）,飞利浦（PHILIPS）洁面仪,飞利浦（PHILIPS） 洁面仪替换刷头普通肌肤刷头MS590/51适用飞利浦男士洁面仪,家用电器,119.00,0,1.0,0,0,0,0,0,"飞利浦（PHILIPS） ', '替换刷头普通肌肤刷头MS590/51适用飞利浦男士",26339929694,2018-05-17 23:55:33
京东,https://item.jd.com/27793887569.html,飞利浦（PHILIPS）,飞利浦（PHILIPS）洁面仪,飞利浦（PHILIPS） 洁面仪洗脸刷 女   迷你净颜幻彩洁肤 BSC111/08,家用电器,318.00,0,1.0,0,0,0,0,0,"飞利浦（PHILIPS） ', '洗脸刷 女   迷你净颜幻彩洁肤 BSC111/08",27793887569,2018-05-17 23:55:33
京东,https://item.jd.com/27830015125.html,七西（7C）,七西（7C）洁面仪,日本INTENICE M5无线双重脉冲声波防水型洁面仪清洁毛孔洁净肌肤 玫瑰红色,家用电器,329.00,0,1.0,0,0,0,0,0,"日本INTENICE M5无线双重脉冲声波防水型', '清洁毛孔洁净肌肤 玫瑰红色",27830015125,2018-05-17 23:55:33
京东,https://item.jd.com/27431544845.html,金稻（KingDom）,金稻（KingDom）洁面仪,金稻洁面仪毛孔清洁器硅胶洗脸仪家用洗脸神器杨幂同款电动洗脸仪 金稻硅胶洁面仪KD308天空蓝,家用电器,99.00,0,1.0,0,0,0,0,0,"金稻', '毛孔清洁器硅胶洗脸仪家用洗脸神器杨幂同款电动洗脸仪 金稻硅胶', 'KD308天空蓝",27431544845,2018-05-17 23:55:34
京东,https://item.jd.com/18897667699.html,飞利浦（PHILIPS）,飞利浦（PHILIPS）洁面仪,飞利浦（PHILIPS）洁肤仪美容器女士电动美容仪洁肤仪洗脸刷洁面刷毛孔清洁器 ,家用电器,699.00,0,1.0,0,0,0,0,0,飞利浦（PHILIPS）洁肤仪美容器女士电动美容仪洁肤仪洗脸刷洁面刷毛孔清洁器,18897667699,2018-05-17 23:55:34
京东,https://item.jd.com/22404443820.html,JOYJULY,JOYJULY洁面仪,JOYJULY 韩国硅胶电动洁面仪无线充电毛孔清洁器洗脸仪声波电子美容仪刷男女 时尚粉,家用电器,128.00,1,1.0,1,0,0,0,0,"韩国硅胶电动', '无线充电毛孔清洁器洗脸仪声波电子美容仪刷男女 时尚粉",22404443820,2018-05-17 23:55:34
京东,https://item.jd.com/18806264121.html,飞利浦（PHILIPS）,飞利浦（PHILIPS）洁面仪,飞利浦（PHILIPS）男士普通刷头净颜全方位轻松打理面部细节，带来轻柔细腻的清洁体验 MS592 去角质刷头,家用电器,98.00,3,1.0,3,0,0,0,0,飞利浦（PHILIPS）男士普通刷头净颜全方位轻松打理面部细节，带来轻柔细腻的清洁体验 MS592 去角质刷头,18806264121,2018-05-17 23:55:34
京东,https://item.jd.com/21234452937.html,飞利浦（PHILIPS）,飞利浦（PHILIPS）洁面仪,飞利浦（PHILIPS） 洁面仪 眼部按摩头 智能眼部按摩刷头 SC6040/00,家用电器,286.00,0,1.0,0,0,0,0,0,"飞利浦（PHILIPS） ', ' 眼部按摩头 智能眼部按摩刷头 SC6040/00",21234452937,2018-05-17 23:55:34
京东,https://item.jd.com/27949001741.html,小诗玛（XISMA）,小诗玛（XISMA）洁面仪,XISMA超声波洗脸仪 面部清洁仪 洁面仪声波洗脸机女士洗脸神器面器 女士洗脸刷 去油卸妆,家用电器,268.00,0,1.0,0,0,0,0,0,"超声波洗脸仪 面部清洁仪 ', '声波洗脸机女士洗脸神器面器 女士洗脸刷 去油卸妆",27949001741,2018-05-17 23:55:34
京东,https://item.jd.com/27318342261.html,美克斯（MKS）,美克斯（MKS）洁面仪,美克斯（MKS）电动声波洁面仪美容仪器 家用洗脸机毛孔清洁器 去油黑头 洗脸神器8268 电动旋转式洁面,家用电器,148.00,0,1.0,0,0,0,0,0,"美克斯（MKS）电动声波', '美容仪器 家用洗脸机毛孔清洁器 去油黑头 洗脸神器8268 电动旋转式洁面",27318342261,2018-05-17 23:55:34
京东,https://item.jd.com/27846376777.html,金稻,金稻洁面仪,金稻 趣味洁面仪mini 硅胶刷头 脸部清洁仪按摩 洗脸器仪 充电 防水 毛孔清洁去油去污神器 浅蓝色,家用电器,138.00,0,1.0,0,0,0,0,0,"金稻 趣味', 'mini 硅胶刷头 脸部清洁仪按摩 洗脸器仪 充电 防水 毛孔清洁去油去污神器 浅蓝色",27846376777,2018-05-17 23:55:34
京东,https://item.jd.com/21238670338.html,飞利浦（PHILIPS）,飞利浦（PHILIPS）洁面仪,飞利浦（PHILIPS） 洁面仪替换刷头普通肌肤刷头MS590/51适用飞利浦男士洁面仪,家用电器,119.00,0,1.0,0,0,0,0,0,"飞利浦（PHILIPS） ', '替换刷头普通肌肤刷头MS590/51适用飞利浦男士",21238670338,2018-05-17 23:55:34
京东,https://item.jd.com/20258659377.html,飞利浦（PHILIPS）,飞利浦（PHILIPS）洁面仪,飞利浦（PHILIPS）原装 洁面仪SC5275 电子美容仪洗脸刷美容仪洗脸器毛孔清洁器 紫色,家用电器,899.00,1,1.0,1,0,0,0,0,"飞利浦（PHILIPS）原装 ', 'SC5275 电子美容仪洗脸刷美容仪洗脸器毛孔清洁器 紫色",20258659377,2018-05-17 23:55:35
京东,https://item.jd.com/28101372946.html,金稻,金稻洁面仪,【品牌盛典】金稻 超声波洁面仪加厚亲肤硅胶深层洁净肌肤 KD308女神玫红,家用电器,168.00,0,1.0,0,0,0,0,0,"品牌盛典】金稻 超声波', '加厚亲肤硅胶深层洁净肌肤 KD308女神玫红",28101372946,2018-05-17 23:55:35
京东,https://item.jd.com/20285500883.html,飞利浦（PHILIPS）,飞利浦（PHILIPS）洁面仪,飞利浦（PHILIPS）原装 男士洁面仪除霾控油洁肤仪洗脸仪按摩仪洗面仪 洁净SPA套装 男士洁肤仪MS5039-抗霾小怪兽,家用电器,1399.00,0,1.0,0,0,0,0,0,"飞利浦（PHILIPS）原装 男士', '除霾控油洁肤仪洗脸仪按摩仪洗面仪 洁净SPA套装 男士洁肤仪MS5039-抗霾小怪兽",20285500883,2018-05-17 23:55:35
京东,https://item.jd.com/27817922427.html,金稻（KINGDOMCARES）,金稻（KINGDOMCARES）洁面仪,金稻女生洁面仪夏季去螨虫去黑头男女洁面仪出差便携洁面仪女士脸部清洁仪KD308   玫红色- 粉色 酒红色,家用电器,138.00,0,1.0,0,0,0,0,0,"金稻女生', '夏季去螨虫去黑头男女', '出差便携', '女士脸部清洁仪KD308   玫红色- 粉色 酒红色",27817922427,2018-05-17 23:55:35
京东,https://item.jd.com/21238161072.html,飞利浦（PHILIPS）,飞利浦（PHILIPS）洁面仪,飞利浦（PHILIPS） 洁面仪替换刷头敏感肌肤刷头MS591/51适用飞利浦男士洁面仪,家用电器,88.00,0,1.0,0,0,0,0,0,"飞利浦（PHILIPS） ', '替换刷头敏感肌肤刷头MS591/51适用飞利浦男士",21238161072,2018-05-17 23:55:35
京东,https://item.jd.com/27993400580.html,美嫣（Meiyan）,美嫣（Meiyan）洁面仪,洁面仪 硅胶电动清洁脸部美容仪 去黑头毛孔清洁器美容器洗脸刷 玫红色,家用电器,88.00,0,1.0,0,0,0,0,0,硅胶电动清洁脸部美容仪 去黑头毛孔清洁器美容器洗脸刷 玫红色,27993400580,2018-05-17 23:55:35
京东,https://item.jd.com/18549689491.html,多希尔,多希尔洁面仪,洗脸仪硅胶洁面仪二代防水电动洗脸仪清洁美容仪小飞象的售后服务卡，单拍不发货（注：赠品是售后服务卡，） 1,家用电器,49.00,300,0.99,300,2,1,2,9,"洗脸仪硅胶', '二代防水电动洗脸仪清洁美容仪小飞象的售后服务卡，单拍不发货（注：赠品是售后服务卡，） 1",18549689491,2018-05-17 23:55:35
京东,https://item.jd.com/26339941238.html,飞利浦（PHILIPS）,飞利浦（PHILIPS）洁面仪,飞利浦（PHILIPS） 洁面仪 眼部按摩头 智能眼部按摩刷头 SC6040/00,家用电器,286.00,0,1.0,0,0,0,0,0,"飞利浦（PHILIPS） ', ' 眼部按摩头 智能眼部按摩刷头 SC6040/00",26339941238,2018-05-17 23:55:35
京东,https://item.jd.com/21112498218.html,飞利浦（PHILIPS）,飞利浦（PHILIPS）洁面仪,飞利浦（PHILIPS） 原装洁肤仪SC5278净颜焕采祛痘洁肤仪美容仪电动洁面仪 清新绿,家用电器,989.00,0,1.0,0,0,0,0,0,"飞利浦（PHILIPS） 原装洁肤仪SC5278净颜焕采祛痘洁肤仪美容仪电动', ' 清新绿",21112498218,2018-05-17 23:55:35
京东,https://item.jd.com/25721738962.html,飞利浦（Philips）,飞利浦（Philips）洁面仪,飞利浦（Philips） 洁面仪洗脸美容仪器男士电动洁肤仪 MS5039 深层清洁型-配2枚刷头,家用电器,1099.00,0,1.0,0,0,0,0,0,"飞利浦（Philips） ', '洗脸美容仪器男士电动洁肤仪 MS5039 深层清洁型-配2枚刷头",25721738962,2018-05-17 23:55:35
京东,https://item.jd.com/26339942719.html,飞利浦（PHILIPS）,飞利浦（PHILIPS）洁面仪,飞利浦（PHILIPS） 洁面仪替换刷头毛孔清洁刷头MS596/51适用飞利浦男士洁面仪,家用电器,119.00,0,1.0,0,0,0,0,0,"飞利浦（PHILIPS） ', '替换刷头毛孔清洁刷头MS596/51适用飞利浦男士",26339942719,2018-05-17 23:55:36
京东,https://item.jd.com/18797998333.html,飞利浦（PHILIPS）,飞利浦（PHILIPS）洁面仪,飞利浦（PHILIPS）洁面仪电子美容仪洗脸刷美容仪洗脸器毛孔清洁器原装正品 痘痘肌洁肤仪SC5278,家用电器,1199.00,0,1.0,0,0,0,0,0,"飞利浦（PHILIPS）', '电子美容仪洗脸刷美容仪洗脸器毛孔清洁器原装正品 痘痘肌洁肤仪SC5278",18797998333,2018-05-17 23:55:36
京东,https://item.jd.com/19529824125.html,飞利浦（PHILIPS）,飞利浦（PHILIPS）洁面仪,飞利浦洁面仪SC5340 SC5275 SC5360 洁肤仪充电器 充电座 原装正品配件,家用电器,165.00,0,1.0,0,0,0,0,0,"飞利浦', 'SC5340 SC5275 SC5360 洁肤仪充电器 充电座 原装正品配件",19529824125,2018-05-17 23:55:36
京东,https://item.jd.com/10269729902.html,淘美（TAOMEI）,淘美（TAOMEI）洁面仪,淘美（TAOMEI） 淘美洁面仪毛孔清洁器电动洗脸仪家用美容仪器洗脸刷 白色,家用电器,88.00,60,0.98,60,0,1,0,2,"淘美（TAOMEI） 淘美', '毛孔清洁器电动洗脸仪家用美容仪器洗脸刷 白色",10269729902,2018-05-17 23:55:36
京东,https://item.jd.com/27893116615.html,松盛（SONGSUN）,松盛（SONGSUN）洁面仪,松盛（SONGSUN） 洗脸仪洁面仪毛孔清洁器硅胶电动洁面仪按摩洗脸神器美容仪 黑色,家用电器,269.00,0,1.0,0,0,0,0,0,"松盛（SONGSUN） 洗脸仪', '毛孔清洁器硅胶电动', '按摩洗脸神器美容仪 黑色",27893116615,2018-05-17 23:55:36
京东,https://item.jd.com/26979962637.html,金稻,金稻洁面仪,金稻 女生洁面仪充电 硅胶触头 脸部美容仪按摩 电动洗脸仪 毛孔洁净 洗脸 洗脸器 樱桃红,家用电器,168.00,0,1.0,0,0,0,0,0,"金稻 女生', '充电 硅胶触头 脸部美容仪按摩 电动洗脸仪 毛孔洁净 洗脸 洗脸器 樱桃红",26979962637,2018-05-17 23:55:36
京东,https://item.jd.com/27310874621.html,科莱丽（Clarisonic）,科莱丽（Clarisonic）洁面仪,科莱丽（Clarisonic）洁面仪面部刷头 温和清洁洗脸刷 敏感肌肤买3赠1特惠装,家用电器,689.00,0,1.0,0,0,0,0,0,"科莱丽（Clarisonic）', '面部刷头 温和清洁洗脸刷 敏感肌肤买3赠1特惠装",27310874621,2018-05-17 23:55:36
京东,https://item.jd.com/10277770359.html,ACETINO,ACETINO洁面仪,ACETINO 欧缇诺声波振动美颜棒 软毛电动洁面仪脸部清洁 便携式多功能洗脸仪 ,家用电器,298.00,6,1.0,6,0,0,0,1,"欧缇诺声波振动美颜棒 软毛电动', '脸部清洁 便携式多功能洗脸仪",10277770359,2018-05-17 23:55:36
京东,https://item.jd.com/27318758276.html,美克斯（MKS）,美克斯（MKS）洁面仪,美克斯（MKS）NV8258 声波洁面仪美容仪器 家用洗脸机毛孔清洁器 微波洁面仪,家用电器,89.00,0,1.0,0,0,0,0,0,"美克斯（MKS）NV8258 声波', '美容仪器 家用洗脸机毛孔清洁器 微波",27318758276,2018-05-17 23:55:36
京东,https://item.jd.com/27459246911.html,嫩芙（Runve）,嫩芙（Runve）洁面仪,电动洁面仪 家用美容仪去黑头粉刺电动微震硅胶迷你洁面刷毛孔清洁器 湖蓝色,家用电器,99.00,0,1.0,0,0,0,0,0,"电动', ' 家用美容仪去黑头粉刺电动微震硅胶迷你洁面刷毛孔清洁器 湖蓝色",27459246911,2018-05-17 23:55:36
京东,https://item.jd.com/26339926900.html,飞利浦（PHILIPS）,飞利浦（PHILIPS）洁面仪,飞利浦（PHILIPS） 原装洁肤仪SC5278净颜焕采祛痘洁肤仪美容仪电动洁面仪 清新绿,家用电器,989.00,0,1.0,0,0,0,0,0,"飞利浦（PHILIPS） 原装洁肤仪SC5278净颜焕采祛痘洁肤仪美容仪电动', ' 清新绿",26339926900,2018-05-17 23:55:36
京东,https://item.jd.com/19938094543.html,匹奇（PRITECH）,匹奇（PRITECH）洁面仪,匹奇（PRITECH） 电动家用声波洗脸洁面仪黑头毛孔清洁器刷洗面机神器防水 白色,家用电器,99.00,6,1.0,6,0,0,0,0,"匹奇（PRITECH） 电动家用声波洗脸', '黑头毛孔清洁器刷洗面机神器防水 白色",19938094543,2018-05-17 23:55:36
京东,https://item.jd.com/27213662559.html,柏美樱（BoMeiying）,柏美樱（BoMeiying）洁面仪,洁面仪趣味家用洗脸仪电动毛孔清洁器硅胶美容洗脸仪器洗面刷 洁面仪（粉）,家用电器,79.00,0,1.0,0,0,0,0,0,"趣味家用洗脸仪电动毛孔清洁器硅胶美容洗脸仪器洗面刷 ', '（粉",27213662559,2018-05-17 23:55:36
京东,https://item.jd.com/11118166673.html,ACETINO,ACETINO洁面仪,ACETINO 欧缇诺母亲节礼物元气净颜电动洁面仪 洗脸仪洁肤仪 声波震动美容仪毛孔清洁 蜜桃粉,家用电器,478.00,700,0.99,600,2,0,3,20,"欧缇诺母亲节礼物元气净颜电动', ' 洗脸仪洁肤仪 声波震动美容仪毛孔清洁 蜜桃粉",11118166673,2018-05-17 23:55:36
京东,https://item.jd.com/21561469673.html,玛可蓓莉（Marcopele）,玛可蓓莉（Marcopele）洁面仪,玛可蓓莉（Marcopele） 电动洁面仪充电式硅胶洁面仪男士女士洗脸仪脸部毛孔清洁器洗脸美容按摩仪 浅紫色,家用电器,138.00,10,1.0,10,0,0,0,1,"玛可蓓莉（Marcopele） 电动', '充电式硅胶', '男士女士洗脸仪脸部毛孔清洁器洗脸美容按摩仪 浅紫色",21561469673,2018-05-17 23:55:36
京东,https://item.jd.com/28031398317.html,SENMEI,SENMEI洁面仪,洁面仪洗脸刷洗面仪皮肤清洁仪 超声波毛孔清洁仪  硅胶电动洗脸仪 毛孔清洁美容按摩洗脸器 KC-5000男女通用版,家用电器,459.00,0,1.0,0,0,0,0,0,洗脸刷洗面仪皮肤清洁仪 超声波毛孔清洁仪  硅胶电动洗脸仪 毛孔清洁美容按摩洗脸器 KC-5000男女通用版,28031398317,2018-05-17 23:55:36
京东,https://item.jd.com/19031921889.html,金稻,金稻洁面仪,金稻蒸脸器洁面仪面部护理套装礼盒 智能冷热喷蒸脸器+声波震动洁面仪 2件套礼盒,家用电器,599.00,0,1.0,0,0,0,0,0,"金稻蒸脸器', '面部护理套装礼盒 智能冷热喷蒸脸器+声波震动', ' 2件套礼盒",19031921889,2018-05-17 23:55:37
京东,https://item.jd.com/28284214368.html,科莱丽（Clarisonic）,科莱丽（Clarisonic）洁面仪,科莱丽 Clarisonic 洁面仪声波电动 Mia2便携型 个性纹身定制款 粉色 天蝎座,家用电器,1360.00,0,1.0,0,0,0,0,0,"科莱丽 Clarisonic ', '声波电动 Mia2便携型 个性纹身定制款 粉色 天蝎座",28284214368,2018-05-17 23:55:37
京东,https://item.jd.com/28257282431.html,南极人（Nanjiren）,南极人（Nanjiren）洁面仪,南极人（南极人）硅胶超声波洁面仪电动洗脸刷黑头粉刺毛孔清洁器美容仪家用 樱花粉,家用电器,599.00,0,1.0,0,0,0,0,0,"南极人（南极人）硅胶超声波', '电动洗脸刷黑头粉刺毛孔清洁器美容仪家用 樱花粉",28257282431,2018-05-17 23:55:37
京东,https://item.jd.com/27338519791.html,美克斯（MKS）,美克斯（MKS）洁面仪,美克斯（MKS）NV8298 声波洁面仪洗脸仪 电动洗脸仪器毛孔清洁器 白色,家用电器,298.00,0,1.0,0,0,0,0,0,"美克斯（MKS）NV8298 声波', '洗脸仪 电动洗脸仪器毛孔清洁器 白色",27338519791,2018-05-17 23:55:37
京东,https://item.jd.com/11881653129.html,金稻,金稻洁面仪,金稻 电动洁面仪硅胶洗脸刷家用毛孔清洁器超声波洗脸仪器KD308 粉色（KD-308）,家用电器,118.00,70,0.97,70,2,0,0,4,"金稻 电动', '硅胶洗脸刷家用毛孔清洁器超声波洗脸仪器KD308 粉色（KD-308",11881653129,2018-05-17 23:55:37
京东,https://item.jd.com/18118209411.html,TOUCHBeauty,TOUCHBeauty洁面仪,TOUCHBeauty 软毛电动洁面仪 卸妆洗脸去油仪器洁面刷 美眼仪美容仪二合一 绿色,家用电器,129.00,3,1.0,3,0,0,0,0,"软毛电动', ' 卸妆洗脸去油仪器洁面刷 美眼仪美容仪二合一 绿色",18118209411,2018-05-17 23:55:37
京东,https://item.jd.com/27670156416.html,西屋（Westinghouse）,西屋（Westinghouse）洁面仪,美国西屋（Westinghouse）洁面仪声波硅胶洁面仪洗脸刷 玫瑰红色,家用电器,999.00,0,1.0,0,0,0,0,0,"美国西屋（Westinghouse）', '声波硅胶', '洗脸刷 玫瑰红色",27670156416,2018-05-17 23:55:37
京东,https://item.jd.com/27359786528.html,阿美妮（imate）,阿美妮（imate）洁面仪,阿美妮（imate）硅胶电动毛孔清洁器美容按摩洁面仪,家用电器,99.00,0,1.0,0,0,0,0,0,阿美妮（imate）硅胶电动毛孔清洁器美容按摩,27359786528,2018-05-17 23:55:37
京东,https://item.jd.com/27965531409.html,飞利浦（PHILIPS）,飞利浦（PHILIPS）洁面仪,多功能电子美容仪SC5340 电动洁面SPA仪 脸部眼部按摩洁面仪,家用电器,1062.00,0,1.0,0,0,0,0,0,多功能电子美容仪SC5340 电动洁面SPA仪 脸部眼部按摩,27965531409,2018-05-17 23:55:37
京东,https://item.jd.com/26339794492.html,飞利浦（PHILIPS）,飞利浦（PHILIPS）洁面仪,飞利浦（PHILIPS） 女士洁肤仪电动洁面仪刷头 普通刷头SC5990,家用电器,98.00,0,1.0,0,0,0,0,0,"飞利浦（PHILIPS） 女士洁肤仪电动', '刷头 普通刷头SC5990",26339794492,2018-05-17 23:55:37
京东,https://item.jd.com/21114144725.html,飞利浦（PHILIPS）,飞利浦（PHILIPS）洁面仪,飞利浦（PHILIPS） 男士洁面仪 带多种刷头 洗脸仪MS5031/00,家用电器,879.00,0,1.0,0,0,0,0,0,"飞利浦（PHILIPS） 男士', ' 带多种刷头 洗脸仪MS5031/00",21114144725,2018-05-17 23:55:37
京东,https://item.jd.com/28018301954.html,飞利浦（PHILIPS）,飞利浦（PHILIPS）洁面仪,飞利浦（PHILIPS）洁肤仪 女士电子美容仪洁肤仪洗脸BSC201/00 收纳袋,家用电器,10.00,6,1.0,6,0,0,0,1,飞利浦（PHILIPS）洁肤仪 女士电子美容仪洁肤仪洗脸BSC201/00 收纳袋,28018301954,2018-05-17 23:55:37
京东,https://item.jd.com/18646217744.html,匹奇（PRITECH）,匹奇（PRITECH）洁面仪,匹奇（PRITECH） 洁面仪男女士电动超声波硅胶洗脸机刷美容仪 黑头角质毛孔清洁器 红色,家用电器,59.00,7,1.0,7,0,0,0,0,"匹奇（PRITECH） ', '男女士电动超声波硅胶洗脸机刷美容仪 黑头角质毛孔清洁器 红色",18646217744,2018-05-17 23:55:37
京东,https://item.jd.com/10376776732.html,飞利浦（PHILIPS）,飞利浦（PHILIPS）洁面仪,飞利浦（PHILIPS）多功能电子美容仪SC5340 电动洁面SPA仪 脸部眼部按摩洁面仪,家用电器,1066.00,1,1.0,1,0,0,0,1,飞利浦（PHILIPS）多功能电子美容仪SC5340 电动洁面SPA仪 脸部眼部按摩,10376776732,2018-05-17 23:55:37
京东,https://item.jd.com/26436784613.html,KETRINA,KETRINA洁面仪,ketrina洁面仪  电动硅胶洗脸仪毛孔清洁器家用洗脸刷洗面仪神器 黄色,家用电器,88.00,4,1.0,4,0,0,0,1,电动硅胶洗脸仪毛孔清洁器家用洗脸刷洗面仪神器 黄色,26436784613,2018-05-17 23:55:37
京东,https://item.jd.com/12876628272.html,西屋（Westinghouse）,西屋（Westinghouse）洁面仪,西屋（Westinghouse） 美国西屋声波洁面仪硅胶洗脸仪毛孔清洁美容仪洗脸刷 送电动牙刷,家用电器,899.00,60,1.0,60,0,0,0,10,"西屋（Westinghouse） 美国西屋声波', '硅胶洗脸仪毛孔清洁美容仪洗脸刷 送电动牙刷",12876628272,2018-05-17 23:55:37
京东,https://item.jd.com/27964184683.html,SENMEI,SENMEI洁面仪,洁面仪洗脸刷洗面仪 硅胶电动洗脸仪 毛孔清洁美容按摩洗脸器 灰色男士款,家用电器,399.00,0,1.0,0,0,0,0,0,洗脸刷洗面仪 硅胶电动洗脸仪 毛孔清洁美容按摩洗脸器 灰色男士款,27964184683,2018-05-17 23:55:38
京东,https://item.jd.com/18802118489.html,飞利浦（PHILIPS）,飞利浦（PHILIPS）洁面仪,飞利浦（PHILIPS）脸部按摩头SC6060 多功能洁肤仪脸部按摩仪电动洁面仪刷头,家用电器,396.00,6,1.0,6,0,0,0,0,"飞利浦（PHILIPS）脸部按摩头SC6060 多功能洁肤仪脸部按摩仪电动', '刷头",18802118489,2018-05-17 23:55:38
京东,https://item.jd.com/28110463611.html,金稻,金稻洁面仪,【品牌盛典】金稻 家用洁面仪美容黑头仪电动脸部铲皮机 KD8023,家用电器,158.00,0,1.0,0,0,0,0,0,"品牌盛典】金稻 家用', '美容黑头仪电动脸部铲皮机 KD8023",28110463611,2018-05-17 23:55:38
京东,https://item.jd.com/26602104501.html,飞利浦（PHILIPS）,飞利浦（PHILIPS）洁面仪,飞利浦（PHILIPS）男士洁面仪美容器 多功能面部护理 脸部按摩仪MS5085/00,家用电器,2199.00,0,1.0,0,0,0,0,0,"飞利浦（PHILIPS）男士', '美容器 多功能面部护理 脸部按摩仪MS5085/00",26602104501,2018-05-17 23:55:38
京东,https://item.jd.com/7154155.html,科莱丽（Clarisonic）,科莱丽（Clarisonic）洁面仪,科莱丽组套,家用电器,630.00,0,1.0,0,0,0,0,0,"科莱丽（Clarisonic）', '声波电动超值刷头套装 动力焕白刷头全年补充装",7154155,2018-05-17 23:55:38
京东,https://item.jd.com/6940380.html,科莱丽（Clarisonic）,科莱丽（Clarisonic）洁面仪,科莱丽组套,家用电器,690.00,0,1.0,0,0,0,0,0,"科莱丽（Clarisonic）', '声波电动超值刷头套装 奢华羊绒刷头全年补充装",6940380,2018-05-17 23:55:38
京东,https://item.jd.com/27000285373.html,嫩芙（Runve）,嫩芙（Runve）洁面仪,嫩芙（runve）电动硅胶洁面仪 家用美容仪去粉刺去黑头神器自动起泡洗脸刷 粉红色,家用电器,268.00,0,1.0,0,0,0,0,0,"嫩芙（runve）电动硅胶', ' 家用美容仪去粉刺去黑头神器自动起泡洗脸刷 粉红色",27000285373,2018-05-17 23:55:38
京东,https://item.jd.com/7154141.html,科莱丽（Clarisonic）,科莱丽（Clarisonic）洁面仪,科莱丽组套,家用电器,670.00,0,1.0,0,0,0,0,0,"科莱丽（Clarisonic）', '声波电动超值刷头套装 经典组合全年补充装",7154141,2018-05-17 23:55:38
京东,https://item.jd.com/22302378904.html,精睿（JR）,精睿（JR）洁面仪,精睿（JR） 声波电动洗脸仪神器洁面仪 女男机硅胶洗面仪刷 浅紫色,家用电器,199.00,30,1.0,30,0,0,0,3,"精睿（JR） 声波电动洗脸仪神器', ' 女男机硅胶洗面仪刷 浅紫色",22302378904,2018-05-17 23:55:38
京东,https://item.jd.com/22392978208.html,南极人（Nanjiren）,南极人（Nanjiren）洁面仪,南极人（Nanjiren） 洗脸仪 硅胶电动洁面仪 洗脸刷 无线洁面仪 毛孔清洁 家用男女通用美容仪 粉红色,家用电器,99.00,0,1.0,0,0,0,0,0,"南极人（Nanjiren） 洗脸仪 硅胶电动', ' 洗脸刷 无线', ' 毛孔清洁 家用男女通用美容仪 粉红色",22392978208,2018-05-17 23:55:38
京东,https://item.jd.com/20131472151.html,娇源（BEAUTYSAY）,娇源（BEAUTYSAY）洁面仪,娇源（BEAUTYSAY） 超声波洁面仪电动美容仪硅胶洁面器男女洗脸仪去角质黑头清洁仪器 粉红色,家用电器,168.00,80,1.0,80,0,0,2,8,"娇源（BEAUTYSAY） 超声波', '电动美容仪硅胶洁面器男女洗脸仪去角质黑头清洁仪器 粉红色",20131472151,2018-05-17 23:55:38
京东,https://item.jd.com/24629662400.html,伊芙美,伊芙美洁面仪,伊芙美 男女震动洁面仪 硅胶电动毛孔清洁美容按摩洗脸器   适应敏感肌肤 粉红色,家用电器,109.00,10,1.0,10,0,0,0,1,"伊芙美 男女震动', ' 硅胶电动毛孔清洁美容按摩洗脸器   适应敏感肌肤 粉红色",24629662400,2018-05-17 23:55:39
京东,https://item.jd.com/25048677355.html,BlingBelle,BlingBelle洁面仪,【包邮】BlingBelle 洁面仪 德国洁面仪贝儿硅胶电动男女毛孔清洁美容按摩充电洗脸仪器 二代无线充电-贝尔洁面仪粉红色,家用电器,108.00,90,1.0,90,0,0,0,5,"包邮】BlingBelle ', ' 德国', '贝儿硅胶电动男女毛孔清洁美容按摩充电洗脸仪器 二代无线充电-贝尔', '粉红色",25048677355,2018-05-17 23:55:39
京东,https://item.jd.com/2237624.html,斐珞尔（FOREO）,斐珞尔（FOREO）洁面仪,斐珞尔FOREO LUNA 白色,家用电器,1480.00,800,0.97,700,10,10,6,100,"斐珞尔（FOREO）', ' 硅胶电动毛孔清洁美容按摩洗脸器 适合特别敏感性肌肤 露娜 LUNA 白色",2237624,2018-05-17 23:55:39
京东,https://item.jd.com/10642738145.html,绿朵,绿朵洁面仪,绿朵 洁面仪电动洗脸毛孔清洁器光波美容仪洁面仪女洗脸仪 家用离子导入仪 红色,家用电器,98.00,500,0.97,500,7,4,9,40,"绿朵 ', '电动洗脸毛孔清洁器光波美容仪', '女洗脸仪 家用离子导入仪 红色",10642738145,2018-05-17 23:55:39
京东,https://item.jd.com/20887212505.html,goodwind,goodwind洁面仪,goodwind 家用电动洗脸刷超声波洁面仪毛孔清洁器去黑头充电式面部清洁神器洁肤仪 多功能美容仪器-送刷头,家用电器,398.00,20,1.0,20,0,0,0,3,"家用电动洗脸刷超声波', '毛孔清洁器去黑头充电式面部清洁神器洁肤仪 多功能美容仪器-送刷头",20887212505,2018-05-17 23:55:39
京东,https://item.jd.com/18660028660.html,高博士（GAOBOSHI）,高博士（GAOBOSHI）洁面仪,永日 洁面仪 电动洗脸仪男女士充电式声波震动洗脸刷软毛家用皮肤清洁仪洁肤仪毛孔清洁器洗脸器 金色Q3,家用电器,129.00,10,1.0,10,0,0,0,3,"永日 ', ' 电动洗脸仪男女士充电式声波震动洗脸刷软毛家用皮肤清洁仪洁肤仪毛孔清洁器洗脸器 金色Q3",18660028660,2018-05-17 23:55:39
京东,https://item.jd.com/27023664379.html,南极人（NANJIREN）,南极人（NANJIREN）洁面仪,南极人美容仪 声波电动洁面仪 洗脸仪 导入美容仪 美容器毛孔清洁器 玫瑰金色,家用电器,1899.00,0,1.0,0,0,0,0,0,"南极人美容仪 声波电动', ' 洗脸仪 导入美容仪 美容器毛孔清洁器 玫瑰金色",27023664379,2018-05-17 23:55:39
京东,https://item.jd.com/19137326690.html,MKS,MKS洁面仪,MKS 美克斯（）洁面仪NV8290电动硅胶脸部洗脸仪器毛孔清洁美容仪,家用电器,199.00,0,1.0,0,0,0,0,0,"美克斯（）', 'NV8290电动硅胶脸部洗脸仪器毛孔清洁美容仪",19137326690,2018-05-17 23:55:39
京东,https://item.jd.com/21484411180.html,PHILIPS,PHILIPS洁面仪,飞利浦（PHILIPS）洁面仪替换刷头 适用于飞利浦男士洁面仪 精细刷头MS597/51,家用电器,179.00,1,1.0,1,0,0,0,0,"飞利浦（PHILIPS）', '替换刷头 适用于飞利浦男士', ' 精细刷头MS597/51",21484411180,2018-05-17 23:55:39
京东,https://item.jd.com/27392583321.html,金稻（KingDom）,金稻（KingDom）洁面仪,硅胶电动声波洁面仪 男女毛孔清洁按摩电动洗脸仪去黑头仪器便携面部美容器 玫红色,家用电器,99.00,2,1.0,2,0,0,0,2,"硅胶电动声波', ' 男女毛孔清洁按摩电动洗脸仪去黑头仪器便携面部美容器 玫红色",27392583321,2018-05-17 23:55:39
京东,https://item.jd.com/24083911962.html,睿琪智盛,睿琪智盛洁面仪,睿琪智盛 电动洁面仪洗 脸机器 毛孔清洁仪器 面脸部按摩家用震动软毛刷 炫丽红,家用电器,28.00,2,0.5,1,1,0,0,0,"睿琪智盛 电动', '洗 脸机器 毛孔清洁仪器 面脸部按摩家用震动软毛刷 炫丽红",24083911962,2018-05-17 23:55:39
京东,https://item.jd.com/22851031523.html,金稻（KINGDOMCARES）,金稻（KINGDOMCARES）洁面仪,金稻（KINGDOMCARES） 洁面仪趣味家用洗脸仪电动毛孔清洁器硅胶美容洗脸仪器洗面刷 天空蓝,家用电器,138.00,4,1.0,4,0,0,0,0,"金稻（KINGDOMCARES） ', '趣味家用洗脸仪电动毛孔清洁器硅胶美容洗脸仪器洗面刷 天空蓝",22851031523,2018-05-17 23:55:39
京东,https://item.jd.com/11014939626.html,MKS,MKS洁面仪,MKS/美克斯 洗脸仪 声波洁面仪洗脸器毛孔清洁器美容仪洗脸机洗面机充电,家用电器,140.00,300,0.98,300,2,2,1,20,"美克斯 洗脸仪 声波', '洗脸器毛孔清洁器美容仪洗脸机洗面机充电",11014939626,2018-05-17 23:55:39
京东,https://item.jd.com/27865272068.html,德尔玛（Deerma）,德尔玛（Deerma）洁面仪,德尔玛（Deerma） JM136洁面仪 自由互换四大刷头 脸部深层清洁,家用电器,698.00,80,1.0,80,0,0,2,7,"德尔玛（Deerma） JM136', ' 自由互换四大刷头 脸部深层清洁",27865272068,2018-05-17 23:55:39
京东,https://item.jd.com/11882165831.html,金稻（KingDom）,金稻（KingDom）洁面仪,金稻（KingDom）电动洁面仪 KD3033C 洗脸刷便携 去黑头毛孔清洁美容仪器,家用电器,198.00,10,1.0,10,0,0,1,0,"金稻（KingDom）电动', ' KD3033C 洗脸刷便携 去黑头毛孔清洁美容仪器",11882165831,2018-05-17 23:55:39
京东,https://item.jd.com/26339939420.html,飞利浦（PHILIPS）,飞利浦（PHILIPS）洁面仪,飞利浦（PHILIPS） 男士洁面仪 带多种刷头 洗脸仪MS5031/00,家用电器,879.00,0,1.0,0,0,0,0,0,"飞利浦（PHILIPS） 男士', ' 带多种刷头 洗脸仪MS5031/00",26339939420,2018-05-17 23:55:39
京东,https://item.jd.com/18799981447.html,飞利浦（PHILIPS）,飞利浦（PHILIPS）洁面仪,飞利浦（PHILIPS）洁面仪SC5275充电器用SC5266 SC5265SC527,家用电器,65.00,0,1.0,0,0,0,0,0,"飞利浦（PHILIPS）', 'SC5275充电器用SC5266 SC5265SC527",18799981447,2018-05-17 23:55:39
京东,https://item.jd.com/11882986529.html,金稻,金稻洁面仪,金稻家用洁面仪亲肤毛刷头声波电动洗脸刷去黑头不伤肤美容洗脸仪器 红色亲肤细毛刷,家用电器,69.00,10,0.92,10,1,0,0,1,"金稻家用', '亲肤毛刷头声波电动洗脸刷去黑头不伤肤美容洗脸仪器 红色亲肤细毛刷",11882986529,2018-05-17 23:55:39
京东,https://item.jd.com/20353029972.html,南极人（NANJIREN）,南极人（NANJIREN）洁面仪,南极人（NANJIREN） 硅胶超声波洁面仪电动洗脸仪洗面毛孔清洁器美容仪 玫红色,家用电器,119.00,0,1.0,0,0,0,0,0,"南极人（NANJIREN） 硅胶超声波', '电动洗脸仪洗面毛孔清洁器美容仪 玫红色",20353029972,2018-05-17 23:55:40
京东,https://item.jd.com/18801179621.html,飞利浦（PHILIPS）,飞利浦（PHILIPS）洁面仪,飞利浦（PHILIPS）洁面仪SC5275充电底座 通用SC5266充电器底座,家用电器,88.00,0,1.0,0,0,0,0,0,"飞利浦（PHILIPS）', 'SC5275充电底座 通用SC5266充电器底座",18801179621,2018-05-17 23:55:40
京东,https://item.jd.com/15348129084.html,BLUECARE,BLUECARE洁面仪,BLUECARE 洁面仪 蓝氧水多功能护理机 清洁毛孔女士洗脸仪 钛金灰,家用电器,4980.00,1,1.0,1,0,0,0,1,蓝氧水多功能护理机 清洁毛孔女士洗脸仪 钛金灰,15348129084,2018-05-17 23:55:40
京东,https://item.jd.com/27865053484.html,德尔玛（Deerma）,德尔玛（Deerma）洁面仪,德尔玛（Deerma）洁面仪负离子硅胶美容仪 深层洁净JM126,家用电器,259.00,80,1.0,80,0,0,2,7,"德尔玛（Deerma）', '负离子硅胶美容仪 深层洁净JM126",27865053484,2018-05-17 23:55:40
京东,https://item.jd.com/26339931257.html,飞利浦（PHILIPS）,飞利浦（PHILIPS）洁面仪,飞利浦（PHILIPS） 男士洁面仪 MS5030/00 控油净透洁面仪 洗脸仪,家用电器,549.00,0,1.0,0,0,0,0,0,"飞利浦（PHILIPS） 男士', ' MS5030/00 控油净透', ' 洗脸仪",26339931257,2018-05-17 23:55:40
京东,https://item.jd.com/28194057488.html,丹龙,丹龙洁面仪,丹龙声波洁面仪洗脸仪电动毛孔清洁仪洗脸刷脸部按摩美容仪 白色,家用电器,399.00,0,1.0,0,0,0,0,0,"丹龙声波', '洗脸仪电动毛孔清洁仪洗脸刷脸部按摩美容仪 白色",28194057488,2018-05-17 23:55:40
京东,https://item.jd.com/26632447225.html,涂酷（too cool for school）,涂酷（too cool for school）洁面仪,涂酷（too cool for school） 洗脸刷洗脸仪洁面仪,家用电器,9.90,0,1.0,0,0,0,0,0,涂酷（too cool for school） 洗脸刷洗脸仪,26632447225,2018-05-17 23:55:40
京东,https://item.jd.com/28147952293.html,维他密斯,维他密斯洁面仪,维他密斯洁面仪硅胶洗脸仪电动毛孔清洁器美容按摩洗脸器V0520,家用电器,89.00,0,1.0,0,0,0,0,0,"维他密斯', '硅胶洗脸仪电动毛孔清洁器美容按摩洗脸器V0520",28147952293,2018-05-17 23:55:40
京东,https://item.jd.com/27966402171.html,魅优（MEIYOU）,魅优（MEIYOU）洁面仪,洁面仪电动硅胶洗脸刷脸部按摩祛黑头毛孔清洁蒸脸美容器 粉红色,家用电器,128.00,0,1.0,0,0,0,0,0,电动硅胶洗脸刷脸部按摩祛黑头毛孔清洁蒸脸美容器 粉红色,27966402171,2018-05-17 23:55:40
京东,https://item.jd.com/27310718429.html,科莱丽（Clarisonic）,科莱丽（Clarisonic）洁面仪,科莱丽（Clarisonic）洁面仪声波电动超值刷头套装 经典组合全年补充装,家用电器,678.00,1,1.0,1,0,0,0,0,"科莱丽（Clarisonic）', '声波电动超值刷头套装 经典组合全年补充装",27310718429,2018-05-17 23:55:40
京东,https://item.jd.com/1230010655.html,娇源（BEAUTYSAY）,娇源（BEAUTYSAY）洁面仪,娇源（BEAUTYSAY） 洁面仪超声波洗脸仪洗脸机美容仪  脸部按摩洗脸仪器毛孔清洁器,家用电器,198.00,1700,0.98,1700,10,10,0,8,"娇源（BEAUTYSAY） ', '超声波洗脸仪洗脸机美容仪  脸部按摩洗脸仪器毛孔清洁器",1230010655,2018-05-17 23:55:41
京东,https://item.jd.com/18178005086.html,TOUCHBeauty,TOUCHBeauty洁面仪,渲美 电动洁面仪毛孔清洁器吸黑头去角质洗脸仪洁面刷美容仪器 升级版,家用电器,69.00,10,1.0,10,0,0,0,0,"渲美 电动', '毛孔清洁器吸黑头去角质洗脸仪洁面刷美容仪器 升级版",18178005086,2018-05-17 23:55:41
京东,https://item.jd.com/4588140.html,科莱丽（Clarisonic）,科莱丽（Clarisonic）洁面仪,科莱丽洁面仪,家用电器,999.00,20,0.95,20,0,1,0,1,"科莱丽（Clarisonic）声波净颜仪 MIA2 HOLIDAY 节日礼盒（', ' 洗面清洁去角质 赠动力焕白刷头",4588140,2018-05-17 23:55:41
京东,https://item.jd.com/11882252891.html,金稻（KingDom）,金稻（KingDom）洁面仪,金稻（KingDom） 电动洁面仪 KD3033S 洗脸刷座充 去黑头毛孔清洁美容仪器家用 浅蓝色,家用电器,228.00,20,1.0,20,0,0,0,1,"金稻（KingDom） 电动', ' KD3033S 洗脸刷座充 去黑头毛孔清洁美容仪器家用 浅蓝色",11882252891,2018-05-17 23:55:41
京东,https://item.jd.com/26497522807.html,BlingBelle,BlingBelle洁面仪,BlingBelle 德国贝儿二代无线充电电动硅胶洁面仪 毛孔清洁洗脸 按摩男女美容器 粉红色,家用电器,108.00,40,1.0,40,0,0,0,20,"德国贝儿二代无线充电电动硅胶', ' 毛孔清洁洗脸 按摩男女美容器 粉红色",26497522807,2018-05-17 23:55:41
京东,https://item.jd.com/26349823214.html,MKS,MKS洁面仪,MKS/美克斯硅胶电动洁面仪毛孔清洁脸部按摩器超声波美容仪洗脸刷 NV8290 硅胶洁面仪,家用电器,199.00,8,1.0,8,0,0,0,1,"美克斯硅胶电动', '毛孔清洁脸部按摩器超声波美容仪洗脸刷 NV8290 硅胶",26349823214,2018-05-17 23:55:41
京东,https://item.jd.com/23695570660.html,欧卫（ovi）,欧卫（ovi）洁面仪,欧卫（ovi） 净颜紧致.温感声波洁面仪 硅胶充电式家用美容仪洗脸仪器温感按摩毛孔清洁器洗脸器 魔幻粉,家用电器,369.00,40,1.0,40,0,0,0,4,"欧卫（ovi） 净颜紧致.温感声波', ' 硅胶充电式家用美容仪洗脸仪器温感按摩毛孔清洁器洗脸器 魔幻粉",23695570660,2018-05-17 23:55:41
京东,https://item.jd.com/26421659733.html,金稻（KINGDOMCARES）,金稻（KINGDOMCARES）洁面仪,金稻洁面仪毛孔清洁器硅胶洗脸仪金韬充电式洗面仪电动洗脸神器 粉红色,家用电器,138.00,7,1.0,7,0,0,0,3,"金稻', '毛孔清洁器硅胶洗脸仪金韬充电式洗面仪电动洗脸神器 粉红色",26421659733,2018-05-17 23:55:41
京东,https://item.jd.com/3149462.html,科莱丽（Clarisonic）,科莱丽（Clarisonic）洁面仪,科莱丽洁面,家用电器,149.00,500,0.97,500,6,5,1,50,"科莱丽（Clarisonic）声波深彻净颜仪身体刷头（', ' 去角质 深层清洁 身体适用",3149462,2018-05-17 23:55:41
京东,https://item.jd.com/5513545.html,西屋（Westinghouse）,西屋（Westinghouse）洁面仪,西屋J2,家用电器,1299.00,50,1.0,50,0,0,1,9,"西屋（Westinghouse）', ' 超声波 硅胶 洗脸仪 毛孔清洁 热敷 美容仪 美容器 J2（玫红色",5513545,2018-05-17 23:55:41
京东,https://item.jd.com/24752706989.html,飞利浦,飞利浦洁面仪,飞利浦 （PHILIPS）洁面仪电动洗脸清洁洁面刷控油 MS5030/5031/5039 新款清洁型-MS5031-四个刷头,家用电器,739.00,7,1.0,7,0,0,0,0,"飞利浦 （PHILIPS）', '电动洗脸清洁洁面刷控油 MS5030/5031/5039 新款清洁型-MS5031-四个刷头",24752706989,2018-05-17 23:55:41
京东,https://item.jd.com/27564179825.html,Benss,Benss洁面仪,Benss 吸黑头仪器神器 去黑头吸出器电动毛孔清洁器 去粉刺导出洁面美容仪器 白色,家用电器,228.00,70,1.0,70,0,0,1,3,吸黑头仪器神器 去黑头吸出器电动毛孔清洁器 去粉刺导出洁面美容仪器 白色,27564179825,2018-05-17 23:55:41
京东,https://item.jd.com/26422672774.html,匹奇（PRITECH）,匹奇（PRITECH）洁面仪,匹奇（PRITECH）亲肤硅胶电动洁面仪毛孔清洁充电美容按摩器BCM-1020 蓝,家用电器,129.00,10,1.0,10,0,0,0,0,"匹奇（PRITECH）亲肤硅胶电动', '毛孔清洁充电美容按摩器BCM-1020 蓝",26422672774,2018-05-17 23:55:41
京东,https://item.jd.com/25537967602.html,叶语（ORGANIC PURE）,叶语（ORGANIC PURE）洁面仪,叶语（ORGANIC PURE） 吸黑头洁面仪美容仪 去黑头毛孔清洁器收毛孔粉刺洁面洗脸 黑头仪蓝色-高冷酷帅,家用电器,199.00,800,0.98,800,9,6,0,40,"叶语（ORGANIC PURE） 吸黑头', '美容仪 去黑头毛孔清洁器收毛孔粉刺洁面洗脸 黑头仪蓝色-高冷酷帅",25537967602,2018-05-17 23:55:41
京东,https://item.jd.com/25156574548.html,科莱丽（Clarisonic）,科莱丽（Clarisonic）洁面仪,科莱丽（Clarisonic）洁面仪Mia2美容仪 狗年好运定制款洗脸仪 动力焕白刷头,家用电器,209.00,60,1.0,60,0,0,0,20,"科莱丽（Clarisonic）', 'Mia2美容仪 狗年好运定制款洗脸仪 动力焕白刷头",25156574548,2018-05-17 23:55:41
京东,https://item.jd.com/26808731429.html,MCMELLCAO,MCMELLCAO洁面仪,MCMELLCAO 女生竹炭洁面仪电动 无线充电防水 硅胶毛孔清洁器 女神洗脸仪刷 脸部清洁仪 玫瑰红,家用电器,79.00,10,1.0,10,0,0,0,1,"女生竹炭', '电动 无线充电防水 硅胶毛孔清洁器 女神洗脸仪刷 脸部清洁仪 玫瑰红",26808731429,2018-05-17 23:55:41
京东,https://item.jd.com/17804133137.html,依氏之谜,依氏之谜洁面仪,依氏之谜 电动声波洁面仪 洁肤仪器洗脸刷 家用美容仪 面部清洁器 升级款-店长推荐,家用电器,99.00,900,0.99,900,8,1,7,3,"依氏之谜 电动声波', ' 洁肤仪器洗脸刷 家用美容仪 面部清洁器 升级款-店长推荐",17804133137,2018-05-17 23:55:41
京东,https://item.jd.com/11002212879.html,MKS,MKS洁面仪,MKS/美克斯 电动洁面仪 美容仪器家用洗脸机毛孔清洁器去油黑头 白色,家用电器,199.00,100,0.97,100,3,2,3,20,"美克斯 电动', ' 美容仪器家用洗脸机毛孔清洁器去油黑头 白色",11002212879,2018-05-17 23:55:41
京东,https://item.jd.com/27383040609.html,阿美妮（imate）,阿美妮（imate）洁面仪,阿美妮（imate） 硅胶电动3D声波洁面仪 男女便携式 毛孔清洁器洗脸仪,家用电器,99.00,20,1.0,20,0,0,1,10,"阿美妮（imate） 硅胶电动3D声波', ' 男女便携式 毛孔清洁器洗脸仪",27383040609,2018-05-17 23:55:41
京东,https://item.jd.com/11546541477.html,依氏之谜（YESMET）,依氏之谜（YESMET）洁面仪,依氏之谜（YESMET） 电动声波洁面仪 洗脸刷 家用美容仪 面部清洁器 去黑头 男女士 精选好货,家用电器,99.00,700,0.98,700,7,4,3,4,"依氏之谜（YESMET） 电动声波', ' 洗脸刷 家用美容仪 面部清洁器 去黑头 男女士 精选好货",11546541477,2018-05-17 23:55:41
京东,https://item.jd.com/24531724517.html,梦迪诗,梦迪诗洁面仪,梦迪诗/Mejes法国进口洁面仪男女电动洁面刷硅胶洗脸仪家用美容仪器脸部按摩器深层清洁毛孔 草绿色 默认1,家用电器,168.00,1100,0.99,1100,2,1,3,1,"梦迪诗/Mejes法国进口', '男女电动洁面刷硅胶洗脸仪家用美容仪器脸部按摩器深层清洁毛孔 草绿色 默认1",24531724517,2018-05-17 23:55:42
京东,https://item.jd.com/20066667818.html,淘美（TAOMEI）,淘美（TAOMEI）洁面仪,淘美（TAOMEI） 硅胶洁面仪电动洗脸刷家用毛孔清洁器充电式美容仪家用洗脸刷 芭蕾粉,家用电器,59.00,100,0.98,100,0,2,0,10,"淘美（TAOMEI） 硅胶', '电动洗脸刷家用毛孔清洁器充电式美容仪家用洗脸刷 芭蕾粉",20066667818,2018-05-17 23:55:42
京东,https://item.jd.com/13678971977.html,松下（Panasonic）,松下（Panasonic）洁面仪,松下（Panasonic） 多功能美容仪EH-ST75温热导入家用洁面仪按摩电动美容仪 白色,家用电器,1699.00,10,1.0,10,0,0,0,1,"松下（Panasonic） 多功能美容仪EH-ST75温热导入家用', '按摩电动美容仪 白色",13678971977,2018-05-17 23:55:42
京东,https://item.jd.com/21682796956.html,CHAINER,CHAINER洁面仪,CHAINER 彩妮多功能声波硅胶洁面仪充电毛孔清洁器洗脸仪男女美容仪器脸部按摩仪神器 樱花粉,家用电器,198.00,100,1.0,100,0,0,0,2,"彩妮多功能声波硅胶', '充电毛孔清洁器洗脸仪男女美容仪器脸部按摩仪神器 樱花粉",21682796956,2018-05-17 23:55:42
京东,https://item.jd.com/27311517830.html,科莱丽（Clarisonic）,科莱丽（Clarisonic）洁面仪,科莱丽（Clarisonic）洁面仪声波电动超值刷头套装 动力焕白刷头全年补充装,家用电器,629.00,1,1.0,1,0,0,0,0,"科莱丽（Clarisonic）', '声波电动超值刷头套装 动力焕白刷头全年补充装",27311517830,2018-05-17 23:55:42
京东,https://item.jd.com/12269761522.html,依氏之谜,依氏之谜洁面仪, 电动声波洁面仪 男女士洁肤仪器 洗脸刷家用 充电美容仪 面部清洁仪 毛孔清洁器,家用电器,99.00,4200,0.99,4100,10,10,5,0,"电动声波', ' 男女士洁肤仪器 洗脸刷家用 充电美容仪 面部清洁仪 毛孔清洁器",12269761522,2018-05-17 23:55:42
京东,https://item.jd.com/13518380378.html,蓝韵（LANDWIND）,蓝韵（LANDWIND）洁面仪,蓝韵（LANDWIND） 蓝韵超声波电动洁面仪  洗脸洁面神器 卸妆毛孔清洁刷净黑头,家用电器,59.00,100,0.98,100,1,1,0,2,"蓝韵（LANDWIND） 蓝韵超声波电动', '  洗脸洁面神器 卸妆毛孔清洁刷净黑头",13518380378,2018-05-17 23:55:42
京东,https://item.jd.com/24440303366.html,GagaKing,GagaKing洁面仪,GagaKing 硅胶洁面仪 电动毛孔清洁美容按摩洗脸器 粉红色,家用电器,158.00,50,1.0,50,0,0,0,0,"硅胶', ' 电动毛孔清洁美容按摩洗脸器 粉红色",24440303366,2018-05-17 23:55:42
京东,https://item.jd.com/10823136690.html,龙蓓（LONGBEI）,龙蓓（LONGBEI）洁面仪,【闪电发货】充电电动洁面仪 USB按摩器 毛孔清洁器 洁肤仪 美容仪家用软毛电动洁肤洗脸刷 粉色,家用电器,49.90,500,0.96,500,9,7,2,50,"闪电发货】充电电动', ' USB按摩器 毛孔清洁器 洁肤仪 美容仪家用软毛电动洁肤洗脸刷 粉色",10823136690,2018-05-17 23:55:42
京东,https://item.jd.com/25528404488.html,飞利浦（PHILIPS）,飞利浦（PHILIPS）洁面仪,飞利浦（PHILIPS） 洗脸仪 洁面仪女 脸部按摩清洁洗面美容仪器 SC5275 粉色,家用电器,599.00,30,1.0,30,0,0,0,2,"飞利浦（PHILIPS） 洗脸仪 ', '女 脸部按摩清洁洗面美容仪器 SC5275 粉色",25528404488,2018-05-17 23:55:42
京东,https://item.jd.com/10453265541.html,辰昊（KINGHO）,辰昊（KINGHO）洁面仪,电动声波洁面仪 洗脸刷家用 美容仪面部 洗黑头仪器 毛孔清洁器祛黑头,家用电器,139.00,800,0.97,800,10,10,4,1,"电动声波', ' 洗脸刷家用 美容仪面部 洗黑头仪器 毛孔清洁器祛黑头",10453265541,2018-05-17 23:55:42
京东,https://item.jd.com/17209062581.html,金稻（KINGDOMCARES）,金稻（KINGDOMCARES）洁面仪,金稻（KINGDOMCARES） 金稻洁面仪电动充电洗脸仪毛孔清洁器美容仪洗脸刷KD308B 粉红色,家用电器,138.00,2900,0.99,2900,10,4,4,90,"金稻（KINGDOMCARES） 金稻', '电动充电洗脸仪毛孔清洁器美容仪洗脸刷KD308B 粉红色",17209062581,2018-05-17 23:55:42
京东,https://item.jd.com/16921224558.html,伊莱克斯（Electrolux）,伊莱克斯（Electrolux）洁面仪,伊莱克斯（Electrolux） 洁面仪 电动硅胶声波洗脸仪 脸部按摩美容仪器【送瘦脸仪】 粉红色,家用电器,299.00,400,1.0,400,0,0,0,20,"伊莱克斯（Electrolux） ', ' 电动硅胶声波洗脸仪 脸部按摩美容仪器【送瘦脸仪】 粉红色",16921224558,2018-05-17 23:55:42
京东,https://item.jd.com/18170234890.html,彩妮（CHAINER）,彩妮（CHAINER）洁面仪,微晶净透吸黑头仪器去黑头物理美容仪电动吸黑头神器吸粉刺油脂洁面仪器 白色,家用电器,99.00,1100,0.98,1100,8,7,2,90,"微晶净透吸黑头仪器去黑头物理美容仪电动吸黑头神器吸粉刺油脂', '器 白色",18170234890,2018-05-17 23:55:42
京东,https://item.jd.com/14737193995.html,塔妮珂（tasike）,塔妮珂（tasike）洁面仪,德国tasike/塔妮珂洁面仪 硅胶电动洗脸刷超声波毛孔清洁防水清洁美容器 玫瑰红（二代）,家用电器,218.00,800,0.99,800,2,0,6,60,"德国tasike/塔妮珂', ' 硅胶电动洗脸刷超声波毛孔清洁防水清洁美容器 玫瑰红（二代",14737193995,2018-05-17 23:55:43
京东,https://item.jd.com/12841872348.html,塔妮珂（tasike）,塔妮珂（tasike）洁面仪,德国tasike/塔妮珂洁面仪超声波硅胶洁面刷男女洗脸仪器去黑头毛孔清洁器 天空蓝,家用电器,198.00,1300,0.99,1300,6,2,8,90,"德国tasike/塔妮珂', '超声波硅胶洁面刷男女洗脸仪器去黑头毛孔清洁器 天空蓝",12841872348,2018-05-17 23:55:43
京东,https://item.jd.com/21782837032.html,CHAINER,CHAINER洁面仪,CHAINER 彩妮多功能声波硅胶洁面仪毛孔清洁器洗脸仪男女美容仪按摩仪脸部按摩洗脸神器 晴天蓝,家用电器,198.00,200,1.0,200,0,0,1,2,"彩妮多功能声波硅胶', '毛孔清洁器洗脸仪男女美容仪按摩仪脸部按摩洗脸神器 晴天蓝",21782837032,2018-05-17 23:55:43
京东,https://item.jd.com/26895432834.html,优蕴（U.YUN）,优蕴（U.YUN）洁面仪,优蕴（U.YUN）电动洁面仪洗脸刷洁面刷清洁毛孔黑头SPA机洁面仪 白色,家用电器,149.00,29000,0.92,27000,1200,900,8,1300,"优蕴（U.YUN）电动', '洗脸刷洁面刷清洁毛孔黑头SPA机', ' 白色",26895432834,2018-05-17 23:55:43
京东,https://item.jd.com/3021645.html,科莱丽（Clarisonic）,科莱丽（Clarisonic）洁面仪,科莱丽洁面,家用电器,1299.00,800,0.96,800,10,10,5,100,"科莱丽（Clarisonic）声波', 'MIA FIT 白色款",3021645,2018-05-17 23:55:43
京东,https://item.jd.com/2238451.html,斐珞尔（FOREO）,斐珞尔（FOREO）洁面仪,斐珞尔FOREO LUNA MINI 粉红色,家用电器,999.00,2600,0.98,2600,10,10,10,300,"斐珞尔（FOREO）', ' 硅胶电动毛孔清洁美容按摩洗脸器 露娜迷你LUNA MINI 粉红色",2238451,2018-05-17 23:55:43
京东,https://item.jd.com/27171298714.html,MKS,MKS洁面仪,美克斯（MKS）电动洁面仪洁面刷美容仪器 家用洗脸机毛孔清洁器 去油黑头 洗脸神器V脸 电动旋转洁面仪,家用电器,128.00,100,1.0,100,0,0,0,40,"美克斯（MKS）电动', '洁面刷美容仪器 家用洗脸机毛孔清洁器 去油黑头 洗脸神器V脸 电动旋转",27171298714,2018-05-17 23:55:43
京东,https://item.jd.com/16187349694.html,飞利浦（PHILIPS）,飞利浦（PHILIPS）洁面仪,飞利浦（PHILIPS） 洁面仪电动洗脸仪美容仪器女士洁肤仪 BSC201/00香芋紫,家用电器,499.00,400,0.98,400,4,4,10,100,"飞利浦（PHILIPS） ', '电动洗脸仪美容仪器女士洁肤仪 BSC201/00香芋紫",16187349694,2018-05-17 23:55:43
京东,https://item.jd.com/24438084283.html,CHAINER,CHAINER洁面仪,CHAINER 彩妮声波硅胶洁面仪洗脸仪毛孔清洁器电子美容仪硅胶清洁器洗脸刷 玫瑰红,家用电器,88.00,200,0.99,200,1,0,2,40,"彩妮声波硅胶', '洗脸仪毛孔清洁器电子美容仪硅胶清洁器洗脸刷 玫瑰红",24438084283,2018-05-17 23:55:43
京东,https://item.jd.com/21261638543.html,MKS,MKS洁面仪,MKS 美克斯洁面仪洗脸仪洗脸刷洗面仪器电动洗脸器硅胶防水NV8290 粉色,家用电器,169.00,300,1.0,300,0,0,1,10,"美克斯', '洗脸仪洗脸刷洗面仪器电动洗脸器硅胶防水NV8290 粉色",21261638543,2018-05-17 23:55:43
京东,https://item.jd.com/10861676714.html,金稻（KINGDOMCARES）,金稻（KINGDOMCARES）洁面仪,金稻（KINGDOMCARES） 超声波洁面仪去黑头毛孔清洁器电动按摩仪硅胶洗脸刷 芭蕾粉,家用电器,138.00,1300,0.98,1300,10,5,5,100,"金稻（KINGDOMCARES） 超声波', '去黑头毛孔清洁器电动按摩仪硅胶洗脸刷 芭蕾粉",10861676714,2018-05-17 23:55:44
京东,https://item.jd.com/25624717632.html,KETRINA,KETRINA洁面仪,ketrina电动硅胶洁面仪  男女面部毛孔清洁器洗脸仪按摩洗脸器美容仪充电洗脸洁面刷 浅紫色,家用电器,149.00,100,1.0,100,0,0,0,10,"电动硅胶', '  男女面部毛孔清洁器洗脸仪按摩洗脸器美容仪充电洗脸洁面刷 浅紫色",25624717632,2018-05-17 23:55:44
京东,https://item.jd.com/20283916050.html,伊莱克斯（Electrolux）,伊莱克斯（Electrolux）洁面仪,伊莱克斯（Electrolux） 超声波硅胶洁面仪洗脸仪毛孔清洁美容仪美容器 红色,家用电器,188.00,200,0.99,200,2,0,0,6,"伊莱克斯（Electrolux） 超声波硅胶', '洗脸仪毛孔清洁美容仪美容器 红色",20283916050,2018-05-17 23:55:44
京东,https://item.jd.com/25047211950.html,BlingBelle,BlingBelle洁面仪,BlingBelle 德国贝尔洁面仪二代 男女洗脸神器脸部毛孔清洁器无线充电贝儿电动硅胶洗脸仪美容仪 粉红色,家用电器,108.00,2000,0.99,2000,2,4,8,200,"德国贝尔', '二代 男女洗脸神器脸部毛孔清洁器无线充电贝儿电动硅胶洗脸仪美容仪 粉红色",25047211950,2018-05-17 23:55:44
京东,https://item.jd.com/24562769730.html,迪斯（Desleep）,迪斯（Desleep）洁面仪,迪斯（Desleep）【一年保修】电动吸黑头仪器洁面仪黑头吸出器去黑头粉刺脸部毛孔清洁美容仪D02 白色,家用电器,198.00,800,0.98,800,4,5,2,20,"迪斯（Desleep）【一年保修】电动吸黑头仪器', '黑头吸出器去黑头粉刺脸部毛孔清洁美容仪D02 白色",24562769730,2018-05-17 23:55:44
京东,https://item.jd.com/14153048699.html,塔妮珂（tasike）,塔妮珂（tasike）洁面仪,塔妮珂（tasike） 德国tasike/塔妮珂洗脸刷 电动洁面仪去黑头洗脸洁面刷洁肤仪 套装版,家用电器,138.00,600,0.98,600,6,1,1,20,"塔妮珂（tasike） 德国tasike/塔妮珂洗脸刷 电动', '去黑头洗脸洁面刷洁肤仪 套装版",14153048699,2018-05-17 23:55:44
京东,https://item.jd.com/26286985331.html,玉为肌,玉为肌洁面仪,玉为肌 洁面仪 女洗脸仪电动充电式毛孔清洁器声波电子美容仪男士洁面仪硅胶脸部清洁仪洁面器洁肤仪洗脸刷 时尚粉,家用电器,168.00,300,1.0,300,0,0,2,20,"玉为肌 ', ' 女洗脸仪电动充电式毛孔清洁器声波电子美容仪男士', '硅胶脸部清洁仪洁面器洁肤仪洗脸刷 时尚粉",26286985331,2018-05-17 23:55:44
京东,https://item.jd.com/1313159.html,飞利浦（PHILIPS）,飞利浦（PHILIPS）洁面仪,飞利浦MS5030/00,家用电器,520.00,9700,0.96,9300,200,100,40,1100,"飞利浦（PHILIPS）男士', ' MS5030/00 控油净透', ' 洗脸仪",1313159,2018-05-17 23:55:44
京东,https://item.jd.com/10469215205.html,玛可蓓莉（Marcopele）,玛可蓓莉（Marcopele）洁面仪,玛可蓓莉（Marcopele） 电动洁面仪男士女士通用洁面刷洗脸神器毛孔清洁排毒卸妆脸部深层清洁护理 白色,家用电器,34.50,1500,0.98,1500,10,10,2,60,"玛可蓓莉（Marcopele） 电动', '男士女士通用洁面刷洗脸神器毛孔清洁排毒卸妆脸部深层清洁护理 白色",10469215205,2018-05-17 23:55:44
京东,https://item.jd.com/11573640880.html,飞利浦（PHILIPS）,飞利浦（PHILIPS）洁面仪,飞利浦（PHILIPS） 洁肤仪MS5031 男士电动洁面仪控油洁面洗脸刷控油净透仪器,家用电器,759.00,80,1.0,80,0,0,0,3,"飞利浦（PHILIPS） 洁肤仪MS5031 男士电动', '控油洁面洗脸刷控油净透仪器",11573640880,2018-05-17 23:55:44
京东,https://item.jd.com/10280633663.html,斐珞尔（FOREO）,斐珞尔（FOREO）洁面仪,斐珞尔（FOREO）露娜洁面仪电动洗脸仪硅胶美容仪luna mini2 粉红色,家用电器,1180.00,8300,0.99,8300,20,40,30,500,"斐珞尔（FOREO）露娜', '电动洗脸仪硅胶美容仪luna mini2 粉红色",10280633663,2018-05-17 23:55:44
京东,https://item.jd.com/12739968397.html,金稻（KINGDOMCARES）,金稻（KINGDOMCARES）洁面仪,金稻（KINGDOMCARES） 洁面仪电动硅胶洗脸刷脸部按摩祛黑头毛孔清洁蒸脸美容器 芭蕾粉,家用电器,138.00,2600,0.99,2600,10,9,6,90,"金稻（KINGDOMCARES） ', '电动硅胶洗脸刷脸部按摩祛黑头毛孔清洁蒸脸美容器 芭蕾粉",12739968397,2018-05-17 23:55:44
京东,https://item.jd.com/3554503.html,飞利浦（PHILIPS）,飞利浦（PHILIPS）洁面仪,飞利浦MS5039/00,家用电器,799.00,400,0.98,400,5,1,5,30,"飞利浦（PHILIPS）男士', ' 控油 防雾霾 洗脸仪MS5039/00",3554503,2018-05-17 23:55:44
京东,https://item.jd.com/4034805.html,科莱丽（Clarisonic）,科莱丽（Clarisonic）洁面仪,科莱丽S1482300U,家用电器,230.00,2000,0.99,2000,2,4,5,100,"科莱丽（Clarisonic）声波电动', ' 面部刷头（奢华面部刷头",4034805,2018-05-17 23:55:44
京东,https://item.jd.com/5805553.html,美克斯（MKS）,美克斯（MKS）洁面仪,美克斯NV8290,家用电器,159.00,2400,0.99,2400,1,2,1,40,"美克斯 MKS 硅胶', '毛孔清洁器 洗脸美容仪NV8290",5805553,2018-05-17 23:55:44
京东,https://item.jd.com/4766056.html,科莱丽（Clarisonic）,科莱丽（Clarisonic）洁面仪,科莱丽S2348700U,家用电器,1199.00,1700,0.99,1700,2,7,20,400,"科莱丽 Clarisonic 声波电动', ' Mia2 便携型 毛孔清洁美容仪 洗脸仪（白色",4766056,2018-05-17 23:55:44
京东,https://item.jd.com/2517411.html,斐珞尔（FOREO）,斐珞尔（FOREO）洁面仪,斐珞尔FOREO LUNA MINI2 樱桃红,家用电器,1080.00,11000,0.99,10000,40,60,70,1100,"斐珞尔（FOREO）', ' 硅胶电动毛孔清洁美容按摩洗脸器 露娜迷你2代 LUNA MINI2 樱桃红",2517411,2018-05-17 23:55:44
京东,https://item.jd.com/4034809.html,科莱丽（Clarisonic）,科莱丽（Clarisonic）洁面仪,科莱丽S2348800U,家用电器,1199.00,3000,0.99,3000,9,10,40,800,"科莱丽 Clarisonic 声波电动', ' Mia2 便携型 毛孔清洁美容仪 洗脸仪（粉色",4034809,2018-05-17 23:55:44
京东,https://item.jd.com/3214964.html,飞利浦（PHILIPS）,飞利浦（PHILIPS）洁面仪,飞利浦BSC201/82,家用电器,649.00,9100,0.97,8900,100,100,20,1000,飞利浦（PHILIPS） 美容电动洁面刷 敏感刷头 女士洗脸刷 BSC201/82,3214964,2018-05-17 23:55:44
京东,https://item.jd.com/27159540402.html,佩丽（PEILLY）,佩丽（PEILLY）洁面仪,洗脸仪 硅胶洁面仪毛孔清洁器电动洗脸仪洁面刷洗脸神器 珍珠白,家用电器,259.00,900,1.0,900,0,0,1,10,"洗脸仪 硅胶', '毛孔清洁器电动洗脸仪洁面刷洗脸神器 珍珠白",27159540402,2018-05-17 23:55:44
京东,https://item.jd.com/18248318331.html,BlingBelle,BlingBelle洁面仪,BlingBelle 德国贝儿硅胶电动洁面仪 男女毛孔清洁按摩电动洗脸仪 贝尔面部美容器 二代极光紫,家用电器,108.00,9500,0.99,9400,30,20,30,400,"德国贝儿硅胶电动', ' 男女毛孔清洁按摩电动洗脸仪 贝尔面部美容器 二代极光紫",18248318331,2018-05-17 23:55:44
京东,https://item.jd.com/25869526962.html,CFCF,CFCF洁面仪,CFCF 香港才妃洗脸神器洁面仪 男女超声波洗脸刷 电动洗脸仪毛孔清洁器洗脸机充电式洗面仪电子美容仪 白色,家用电器,289.00,400,0.99,400,2,0,9,70,"香港才妃洗脸神器', ' 男女超声波洗脸刷 电动洗脸仪毛孔清洁器洗脸机充电式洗面仪电子美容仪 白色",25869526962,2018-05-17 23:55:45
京东,https://item.jd.com/11083670925.html,JOYJULY,JOYJULY洁面仪,韩国JOYJULY硅胶电动洁面仪无线充电毛孔清洁器洗脸仪声波电子美容仪刷男女 清新绿,家用电器,138.00,4700,0.99,4600,10,10,10,400,"韩国JOYJULY硅胶电动', '无线充电毛孔清洁器洗脸仪声波电子美容仪刷男女 清新绿",11083670925,2018-05-17 23:55:45
京东,https://item.jd.com/4378471.html,松下（Panasonic）,松下（Panasonic）洁面仪,松下EH-SC65,家用电器,1099.00,1000,0.97,1000,10,6,4,100,"松下（Panasonic）', ' 泡沫洗脸仪 EH-SC65",4378471,2018-05-17 23:55:45
京东,https://item.jd.com/5127288.html,斐珞尔（FOREO）,斐珞尔（FOREO）洁面仪,斐珞尔LUNA PLAY PLUS,家用电器,359.00,16000,0.99,16000,60,60,60,1100,"斐珞尔（FOREO）', ' 硅胶电动清洁脸部美容仪可更换电池 露娜玩趣增强版 LUNA PLAY PLUS 粉红色",5127288,2018-05-17 23:55:45
京东,https://item.jd.com/2822982.html,飞利浦（PHILIPS）,飞利浦（PHILIPS）洁面仪,飞利浦MS5031/00,家用电器,799.00,9800,0.98,9600,100,80,60,1000,"飞利浦（PHILIPS）男士', ' 带多种刷头 洗脸仪MS5031/00",2822982,2018-05-17 23:55:45
京东,https://item.jd.com/17201110493.html,迪斯（Desleep）,迪斯（Desleep）洁面仪,迪斯（Desleep）【一年免费换新】声波洁面仪硅胶电动按摩洗脸仪洗脸刷男女毛孔清洁美容仪D01,家用电器,99.00,9800,0.99,9700,30,20,30,400,"迪斯（Desleep）【一年免费换新】声波', '硅胶电动按摩洗脸仪洗脸刷男女毛孔清洁美容仪D01",17201110493,2018-05-17 23:55:45
京东,https://item.jd.com/20536135293.html,BlingBelle,BlingBelle洁面仪,BlingBelle 德国贝尔二代无线充电电动硅胶洁面仪男女 贝琳贝儿刷洗脸仪面部美容器 粉红色,家用电器,108.00,10000,0.99,10000,20,10,20,500,"德国贝尔二代无线充电电动硅胶', '男女 贝琳贝儿刷洗脸仪面部美容器 粉红色",20536135293,2018-05-17 23:55:45
京东,https://item.jd.com/2517274.html,斐珞尔（FOREO）,斐珞尔（FOREO）洁面仪,斐珞尔FOREO LUNA MINI2 粉红色,家用电器,1080.00,44000,0.99,43000,100,100,300,3900,"斐珞尔（FOREO）', ' 硅胶电动毛孔清洁美容按摩洗脸器 露娜迷你2代 LUNA MINI2 粉红色",2517274,2018-05-17 23:55:45
京东,https://item.jd.com/4893393.html,科莱丽（Clarisonic）,科莱丽（Clarisonic）洁面仪,科莱丽AlphaFit 礼盒装,家用电器,999.00,1100,0.98,1000,8,4,10,100,"科莱丽（Clarisonic）', '声波电动男士专用 毛孔清洁控油洗脸仪AlphaFit礼盒装",4893393,2018-05-17 23:55:45
京东,https://item.jd.com/24275560721.html,BlingBelle,BlingBelle洁面仪,BlingBelle 德国贝尔洁面仪 女 二代无线充电洗脸刷男 硅胶电动贝儿清洁美容按摩 无线充电洁面仪粉红色,家用电器,108.00,2200,0.99,2200,7,4,2,90,"德国贝尔', ' 女 二代无线充电洗脸刷男 硅胶电动贝儿清洁美容按摩 无线充电', '粉红色",24275560721,2018-05-17 23:55:45
京东,https://item.jd.com/3755130.html,飞利浦（PHILIPS）,飞利浦（PHILIPS）洁面仪,飞利浦SC5363/10,家用电器,1699.00,4300,0.97,4200,40,60,20,600,"飞利浦（PHILIPS）', ' 多功能电动洁面 脸部眼部 按摩 美容仪 SC5363/10",3755130,2018-05-17 23:55:45
京东,https://item.jd.com/11858536197.html,科莱丽（Clarisonic）,科莱丽（Clarisonic）洁面仪,科莱丽（Clarisonic） 声波电动洁面仪SPU 清洁按摩美容 狗年好运启程限定版 洁面仪Smart Profile Uplift,家用电器,2499.00,500,0.99,500,1,3,9,100,"科莱丽（Clarisonic） 声波电动', 'SPU 清洁按摩美容 狗年好运启程限定版 ', 'Smart Profile Uplift",11858536197,2018-05-17 23:55:45
京东,https://item.jd.com/24988332391.html,柏美樱（BoMeiying）,柏美樱（BoMeiying）洁面仪,柏美樱（BoMeiying） 洗脸仪电动男士洁面仪毛孔清洁器面部充电式洁面刷洗面仪女 充电款冰蓝色 送化妆梳,家用电器,89.00,10,0.8,8,1,1,0,0,"柏美樱（BoMeiying） 洗脸仪电动男士', '毛孔清洁器面部充电式洁面刷洗面仪女 充电款冰蓝色 送化妆梳",24988332391,2018-05-17 23:55:45
京东,https://item.jd.com/24880311599.html,BlingBelle,BlingBelle洁面仪,BlingBelle 德国贝尔二代无线充电电动硅胶洁面仪男女 贝琳贝儿刷洗脸仪面部美容器 玫红色,家用电器,108.00,100,1.0,100,0,0,2,10,"德国贝尔二代无线充电电动硅胶', '男女 贝琳贝儿刷洗脸仪面部美容器 玫红色",24880311599,2018-05-17 23:55:45
京东,https://item.jd.com/25049982194.html,伊莱克斯（Electrolux）,伊莱克斯（Electrolux）洁面仪,伊莱克斯（Electrolux） EMT-02S电动硅胶洁面仪洗脸仪美容仪脸部按摩仪 粉红色,家用电器,129.00,80,1.0,80,0,0,1,3,"伊莱克斯（Electrolux） EMT-02S电动硅胶', '洗脸仪美容仪脸部按摩仪 粉红色",25049982194,2018-05-17 23:55:46
京东,https://item.jd.com/12283661980.html,SKG,SKG洁面仪,SKG 洁面仪男女洗脸仪洁面刷 多功能电动洁肤仪毛孔清洁器美容仪敏感刷头洗脸刷3190,家用电器,1299.00,20,1.0,20,0,0,1,3,男女洗脸仪洁面刷 多功能电动洁肤仪毛孔清洁器美容仪敏感刷头洗脸刷3190,12283661980,2018-05-17 23:55:46
京东,https://item.jd.com/5136571.html,科莱丽（Clarisonic）,科莱丽（Clarisonic）洁面仪,科莱丽Smart Profile Uplift,家用电器,2599.00,500,0.99,400,1,2,7,100,科莱丽（Clarisonic) 美容仪Smart Profile Uplift 深彻清洁+一键上妆 限量版礼盒,5136571,2018-05-17 23:55:46
京东,https://item.jd.com/11226764359.html,松下（Panasonic）,松下（Panasonic）洁面仪,松下（Panasonic） 泡沫洁面仪EH-SC50多功能电动洁肤仪 洁面刷 美容器 紫色,家用电器,818.00,100,0.96,100,1,5,1,10,"松下（Panasonic） 泡沫', 'EH-SC50多功能电动洁肤仪 洁面刷 美容器 紫色",11226764359,2018-05-17 23:55:46
京东,https://item.jd.com/25358754807.html,SKG,SKG洁面仪,SKG 射频仪电动洁面仪 男女脸部按摩器 智能射频嫩肤童颜仪 洗脸清洁器3220 白色 白色,家用电器,1999.00,4,1.0,4,0,0,0,2,"射频仪电动', ' 男女脸部按摩器 智能射频嫩肤童颜仪 洗脸清洁器3220 白色 白色",25358754807,2018-05-17 23:55:46
京东,https://item.jd.com/21782786512.html,CHAINER,CHAINER洁面仪,CHAINER 彩妮多功能声波硅胶毛孔清洁器洗脸仪男女士美容仪器按摩仪器脸部按摩仪神器 晴天蓝,家用电器,198.00,400,0.99,400,0,1,1,40,彩妮多功能声波硅胶毛孔清洁器洗脸仪男女士美容仪器按摩仪器脸部按摩仪神器 晴天蓝,21782786512,2018-05-17 23:55:46
京东,https://item.jd.com/26223849373.html,依氏之谜,依氏之谜洁面仪,电动声波洁面仪 男女士洁肤仪器 洗脸刷家用 充电美容仪 面部清洁仪 毛孔清洁器 白色,家用电器,99.00,20,0.94,10,1,0,0,0,"电动声波', ' 男女士洁肤仪器 洗脸刷家用 充电美容仪 面部清洁仪 毛孔清洁器 白色",26223849373,2018-05-17 23:55:46
京东,https://item.jd.com/19088251343.html,SKG,SKG洁面仪,SKG 洗脸仪电动洁面仪 男女脸部按摩器洁面器美容仪美容器洗脸刷毛孔清洁器3191 白色,家用电器,1499.00,9,1.0,9,0,0,0,0,"洗脸仪电动', ' 男女脸部按摩器洁面器美容仪美容器洗脸刷毛孔清洁器3191 白色",19088251343,2018-05-17 23:55:46
京东,https://item.jd.com/2890496.html,飞利浦（PHILIPS）,飞利浦（PHILIPS）洁面仪,飞利浦SC6040/00,家用电器,299.00,200,0.98,200,1,3,0,20,"飞利浦（PHILIPS）', ' 眼部按摩头 智能眼部按摩刷头 SC6040/00",2890496,2018-05-17 23:55:46
京东,https://item.jd.com/17341096913.html,金稻（KINGDOMCARES）,金稻（KINGDOMCARES）洁面仪,金稻 洁面仪电动硅胶洗脸仪男女 洗脸神器脸部按摩仪面部清洁仪 超声波美容仪器家用毛孔清洁器洗脸刷充电 樱桃红,家用电器,138.00,200,0.98,200,4,0,0,10,"金稻 ', '电动硅胶洗脸仪男女 洗脸神器脸部按摩仪面部清洁仪 超声波美容仪器家用毛孔清洁器洗脸刷充电 樱桃红",17341096913,2018-05-17 23:55:46
京东,https://item.jd.com/4936281.html,可思美（CosBeauty）,可思美（CosBeauty）洁面仪,可思美CB-016-P01,家用电器,998.00,60,1.0,60,0,0,0,1,"可思美（CosBeauty）声波', ' 电动净肤美容仪器 家用便携毛孔清洁洗脸仪\xa0 CB-016-P01 樱花粉",4936281,2018-05-17 23:55:47
京东,https://item.jd.com/22698424509.html,容耀（RONGYAO）,容耀（RONGYAO）洁面仪,容耀（RONGYAO） 容耀独角兽智能超声波洁面仪电动洗脸刷家用毛孔清洁器祛黑头仪器,家用电器,299.00,10,1.0,10,0,0,0,0,"容耀（RONGYAO） 容耀独角兽智能超声波', '电动洗脸刷家用毛孔清洁器祛黑头仪器",22698424509,2018-05-17 23:55:47
京东,https://item.jd.com/27842456954.html,德尔玛（Deerma）,德尔玛（Deerma）洁面仪,德尔玛（Deerma） 洁面仪震动硅胶无线净颜/按摩/美容三合一JM126 粉红色,家用电器,199.00,80,1.0,80,0,0,2,7,"德尔玛（Deerma） ', '震动硅胶无线净颜/按摩/美容三合一JM126 粉红色",27842456954,2018-05-17 23:55:47
京东,https://item.jd.com/10606007868.html,ReFa,ReFa洁面仪,ReFa CLEAR 【新品】黎珐 日本进口熊野笔柔软刷头 洁面仪洗脸仪,家用电器,1680.00,20,1.0,20,0,0,0,2,"新品】黎珐 日本进口熊野笔柔软刷头 ', '洗脸仪",10606007868,2018-05-17 23:55:47
京东,https://item.jd.com/25104126880.html,金稻（KINGDOMCARES）,金稻（KINGDOMCARES）洁面仪,金稻（KINGDOMCARES） 铲皮机超声波美容仪家用电动脸部去黑头粉刺洁面仪器 白色,家用电器,128.00,100,1.0,100,0,0,0,2,"金稻（KINGDOMCARES） 铲皮机超声波美容仪家用电动脸部去黑头粉刺', '器 白色",25104126880,2018-05-17 23:55:47
京东,https://item.jd.com/19666059004.html,魅博（meIBO）,魅博（meIBO）洁面仪,魅博（meIBO） 【七仓发货】纳米喷雾补水仪 蒸脸器面部加湿器 便携带美容仪保湿冷喷雾脸部补水器 套装一：补水仪+导入仪+洁面仪,家用电器,159.00,2700,0.99,2700,9,3,40,100,魅博（meIBO） 【七仓发货】纳米喷雾补水仪 蒸脸器面部加湿器 便携带美容仪保湿冷喷雾脸部补水器 套装一：补水仪+导入仪,19666059004,2018-05-17 23:55:47
京东,https://item.jd.com/26359414884.html,金稻,金稻洁面仪,金稻 电动声波洁面仪 洗脸刷 家用美容仪 面部清洁器 去黑头 男女士 白色,家用电器,99.00,60,0.98,60,0,1,0,0,"金稻 电动声波', ' 洗脸刷 家用美容仪 面部清洁器 去黑头 男女士 白色",26359414884,2018-05-17 23:55:47
京东,https://item.jd.com/25881604727.html,CFCF,CFCF洁面仪,CFCF 才妃洗脸神器电动洁面仪洗脸仪深层清洁替换刷头 深层清洁,家用电器,20.00,10,1.0,10,0,0,0,1,"才妃洗脸神器电动', '洗脸仪深层清洁替换刷头 深层清洁",25881604727,2018-05-17 23:55:47
京东,https://item.jd.com/25542123768.html,乐黛（notime）,乐黛（notime）洁面仪,乐黛（notime） notime导入美容仪毛孔清洁洗脸仪电动导出面部洁面仪脸部神器家用 金色,家用电器,229.00,60,1.0,60,0,0,0,4,"乐黛（notime） notime导入美容仪毛孔清洁洗脸仪电动导出面部', '脸部神器家用 金色",25542123768,2018-05-17 23:55:47
京东,https://item.jd.com/27005792542.html,BINZIM,BINZIM洁面仪,比森BINZIM电动硅胶毛孔清洁美容洗脸洁面仪硅胶洁面仪0.05MM的皮肤深层清洁毛孔祛角质,家用电器,68.00,10,1.0,10,0,0,1,10,"比森BINZIM电动硅胶毛孔清洁美容洗脸', '硅胶', '0.05MM的皮肤深层清洁毛孔祛角质",27005792542,2018-05-17 23:55:48
京东,https://item.jd.com/26286422028.html,金稻,金稻洁面仪,金稻 【送洁面仪】纳米喷雾补水仪 面部加湿器 便携蒸脸器 家用美容仪  冷喷脸部喷雾器 KD77SR  带充电宝功能,家用电器,198.00,50,1.0,50,0,0,2,10,"金稻 【送', '】纳米喷雾补水仪 面部加湿器 便携蒸脸器 家用美容仪  冷喷脸部喷雾器 KD77SR  带充电宝功能",26286422028,2018-05-17 23:55:48
京东,https://item.jd.com/25882152705.html,CFCF,CFCF洁面仪,CFCF 才妃洗脸神器电动洁面仪洗脸仪超敏感替换刷头 超敏感,家用电器,20.00,3,1.0,3,0,0,0,0,"才妃洗脸神器电动', '洗脸仪超敏感替换刷头 超敏感",25882152705,2018-05-17 23:55:48
京东,https://item.jd.com/10659937689.html,木薯（mushu）,木薯（mushu）洁面仪,木薯（mushu） 声波洁面仪男女士电动洁肤仪洗脸仪刷家用充电美容仪 白色版,家用电器,599.00,300,0.96,300,8,5,2,60,"木薯（mushu） 声波', '男女士电动洁肤仪洗脸仪刷家用充电美容仪 白色版",10659937689,2018-05-17 23:55:48
京东,https://item.jd.com/25882753326.html,CFCF,CFCF洁面仪,CFCF 香港才妃洗脸神器 电动洗脸仪洁面刷电子美容仪 洁面仪毛孔清洁器 5代6代底座支架 白色 底座支架,家用电器,59.00,20,1.0,20,0,0,0,3,"香港才妃洗脸神器 电动洗脸仪洁面刷电子美容仪 ', '毛孔清洁器 5代6代底座支架 白色 底座支架",25882753326,2018-05-17 23:55:48
京东,https://item.jd.com/15473056367.html,DHG,DHG洁面仪,DHG 【送黄金棒】吸黑头仪器去黑头油脂粉刺美容仪 毛孔清洁器脸部洁面仪去黑头仪 吸黑头仪JM09,家用电器,208.00,70,1.0,70,0,0,0,5,"送黄金棒】吸黑头仪器去黑头油脂粉刺美容仪 毛孔清洁器脸部', '去黑头仪 吸黑头仪JM09",15473056367,2018-05-17 23:55:48
京东,https://item.jd.com/23695360932.html,可奈雅（kenaya）,可奈雅（kenaya）洁面仪,可奈雅（kenaya） 硅胶洁面仪电动洗脸仪面部清洁器洗面仪男女毛孔清洁按摩充电式洗脸仪器 粉色,家用电器,59.90,200,0.99,200,2,0,1,10,"可奈雅（kenaya） 硅胶', '电动洗脸仪面部清洁器洗面仪男女毛孔清洁按摩充电式洗脸仪器 粉色",23695360932,2018-05-17 23:55:48
京东,https://item.jd.com/26193166553.html,飞利浦（PHILIP）,飞利浦（PHILIP）洁面仪,飞利浦（PHILIP） 洁面仪 BSC111/08 迷你净颜幻彩 洁肤 洗脸刷,家用电器,299.00,0,1.0,0,0,0,0,0,"飞利浦（PHILIP） ', ' BSC111/08 迷你净颜幻彩 洁肤 洗脸刷",26193166553,2018-05-17 23:55:48
京东,https://item.jd.com/28045391477.html,雅萌（YA-MAN）,雅萌（YA-MAN）洁面仪,雅萌（YA-MAN）美容器 LED红光射频美容仪 导入导出 美容洁面仪 收缩毛孔 紧肤塑脸 日本进口 HRF-10T PLUS 粉色,家用电器,3399.00,0,1.0,0,0,0,0,0,"雅萌（YA-MAN）美容器 LED红光射频美容仪 导入导出 美容', ' 收缩毛孔 紧肤塑脸 日本进口 HRF-10T PLUS 粉色",28045391477,2018-05-17 23:55:48
京东,https://item.jd.com/16291412296.html,金稻,金稻洁面仪,金稻 洁面仪 KD308 洗脸仪女男 电动毛孔清洁美容仪器 粉红色,家用电器,168.00,10,1.0,10,0,0,0,0,"金稻 ', ' KD308 洗脸仪女男 电动毛孔清洁美容仪器 粉红色",16291412296,2018-05-17 23:55:48
京东,https://item.jd.com/27686547632.html,ilift,ilift洁面仪,ilift 美容仪离子冷热导入导出洁面仪 脸部按摩器 面膜精华排毒嫩肤美颜仪冰敷电子美容仪家用 金色,家用电器,499.00,3,1.0,3,0,0,0,0,"美容仪离子冷热导入导出', ' 脸部按摩器 面膜精华排毒嫩肤美颜仪冰敷电子美容仪家用 金色",27686547632,2018-05-17 23:55:49
京东,https://item.jd.com/12867022040.html,SkinWard+,SkinWard+洁面仪,SkinWard+ 声波双效洁面仪 洁面卸妆清洁毛孔男女净颜按摩洗脸1306 洁面仪刷头,家用电器,19.00,800,0.96,800,20,10,8,100,"声波双效', ' 洁面卸妆清洁毛孔男女净颜按摩洗脸1306 ', '刷头",12867022040,2018-05-17 23:55:49
京东,https://item.jd.com/20403052513.html,SKG,SKG洁面仪,SKG3224面部彩光嫩肤仪导入导出美容仪器家用离子超声波洁面仪,家用电器,699.00,7,1.0,7,0,0,0,2,面部彩光嫩肤仪导入导出美容仪器家用离子超声波,20403052513,2018-05-17 23:55:49
京东,https://item.jd.com/26407825711.html,金稻（KINGDOMCARES）,金稻（KINGDOMCARES）洁面仪,金稻面部排毒美容仪器家用导出洁面仪脸部充电式精华离子导入仪5fda9191-d 白色,家用电器,128.00,8,1.0,8,0,0,0,2,"金稻面部排毒美容仪器家用导出', '脸部充电式精华离子导入仪5fda9191-d 白色",26407825711,2018-05-17 23:55:49
京东,https://item.jd.com/1719635603.html,松俊,松俊洁面仪,松俊 电动洁面仪充电式毛孔清洁器洗脸仪男士女美容仪器 粉红色+导入仪(颜色随机发)+束发巾,家用电器,79.00,1600,0.94,1500,50,40,4,200,"松俊 电动', '充电式毛孔清洁器洗脸仪男士女美容仪器 粉红色+导入仪(颜色随机发)+束发巾",1719635603,2018-05-17 23:55:49
京东,https://item.jd.com/11871322104.html,金稻,金稻洁面仪,金稻 吸黑头仪器电动洁面仪吸粉刺导出仪家用祛黑头毛孔清洁器去黑头美容仪器 白色,家用电器,238.00,100,0.94,100,4,3,1,10,"金稻 吸黑头仪器电动', '吸粉刺导出仪家用祛黑头毛孔清洁器去黑头美容仪器 白色",11871322104,2018-05-17 23:55:49
京东,https://item.jd.com/11382456246.html,松下（Panasonic）,松下（Panasonic）洁面仪,松下（Panasonic） 美容仪EH-ST63-P温热离子导入导出洁面仪毛孔清洁嫩肤仪,家用电器,859.00,20,0.92,20,1,1,0,1,"松下（Panasonic） 美容仪EH-ST63-P温热离子导入导出', '毛孔清洁嫩肤仪",11382456246,2018-05-17 23:55:49
京东,https://item.jd.com/10649128578.html,金稻,金稻洁面仪,金稻热喷蒸脸器美容仪器家用彩光补水仪洁面仪器KD2332 白色,家用电器,399.00,1200,0.98,1200,10,10,7,100,"金稻热喷蒸脸器美容仪器家用彩光补水仪', '器KD2332 白色",10649128578,2018-05-17 23:55:49
京东,https://item.jd.com/27798752442.html,冰q（BINGTI）,冰q（BINGTI）洁面仪,面部洗脸 洁面仪家用 香槟金,美妆护肤,609.00,0,1.0,0,0,0,0,0,"面部洗脸 ', '家用 香槟金",27798752442,2018-05-17 23:55:49
京东,https://item.jd.com/17974628906.html,LIFETRONS,LIFETRONS洁面仪,LIFETRONS 励富创充电式超声波导入导出美容按摩仪器洁面仪洗脸仪毛孔清洁 UI-100B,家用电器,1238.00,2,1.0,2,0,0,0,0,"励富创充电式超声波导入导出美容按摩仪器', '洗脸仪毛孔清洁 UI-100B",17974628906,2018-05-17 23:55:49
京东,https://item.jd.com/12262954958.html,依氏之谜,依氏之谜洁面仪,【升级版】补水仪纳米喷雾器 蒸脸器家用充电冷喷机美容仪 补水喷雾仪 家用美容仪 女神套装=补水仪+洁面仪送美容棒,家用电器,169.00,60,0.98,60,1,0,4,20,"升级版】补水仪纳米喷雾器 蒸脸器家用充电冷喷机美容仪 补水喷雾仪 家用美容仪 女神套装=补水仪+', '送美容棒",12262954958,2018-05-17 23:55:49
京东,https://item.jd.com/23890990615.html,SkinWard+,SkinWard+洁面仪,SkinWard+ 斯汀沃德双效净透按摩洁面仪 深层清洁卸妆清洁净颜按摩洗脸仪 洁面仪,家用电器,65.00,20,0.95,20,1,0,0,0,"斯汀沃德双效净透按摩', ' 深层清洁卸妆清洁净颜按摩洗脸仪",23890990615,2018-05-17 23:55:50
京东,https://item.jd.com/13517607275.html,金稻,金稻洁面仪,金稻 吸黑头仪器祛粉刺螨虫收缩毛孔电动清洁器洁面仪美容院导入仪小气泡美容仪KD-802 金稻去黑头仪KD-802,家用电器,168.00,300,0.96,300,5,8,0,10,"金稻 吸黑头仪器祛粉刺螨虫收缩毛孔电动清洁器', '美容院导入仪小气泡美容仪KD-802 金稻去黑头仪KD-802",13517607275,2018-05-17 23:55:50
京东,https://item.jd.com/13518323478.html,蓝韵（LANDWIND）,蓝韵（LANDWIND）洁面仪,蓝韵（LANDWIND） 蓝韵家用超声波嫩肤美容仪 离子导出洁面仪 v脸瘦脸美颜美容,家用电器,398.00,1,1.0,1,0,0,0,0,"蓝韵（LANDWIND） 蓝韵家用超声波嫩肤美容仪 离子导出', ' v脸瘦脸美颜美容",13518323478,2018-05-17 23:55:50
京东,https://item.jd.com/12614250577.html,TODOM,TODOM洁面仪,泰东超声波美容仪美容院家用脸部离子导入仪深层清洁排毒导出仪提拉紧致脸部美容仪淡化细纹洁面仪 浅灰白,家用电器,168.00,100,0.99,100,1,0,0,5,"泰东超声波美容仪美容院家用脸部离子导入仪深层清洁排毒导出仪提拉紧致脸部美容仪淡化细纹', ' 浅灰白",12614250577,2018-05-17 23:55:50
京东,https://item.jd.com/14317192915.html,TODOM,TODOM洁面仪,TODOM 泰东纳米喷雾补水仪 冷喷保湿蒸脸器家用面部洁面仪美容院美容仪 粉红色,家用电器,198.00,30,0.97,30,0,1,0,1,"泰东纳米喷雾补水仪 冷喷保湿蒸脸器家用面部', '美容院美容仪 粉红色",14317192915,2018-05-17 23:55:50
京东,https://item.jd.com/11858935475.html,科莱丽（Clarisonic）,科莱丽（Clarisonic）洁面仪,科莱丽（Clarisonic） 声波电动洁面仪替换刷头 奢华羊绒型,家用电器,230.00,9,1.0,9,0,0,0,1,"科莱丽（Clarisonic） 声波电动', '替换刷头 奢华羊绒型",11858935475,2018-05-17 23:55:50
京东,https://item.jd.com/12571012355.html,辰昊（KINGHO）,辰昊（KINGHO）洁面仪,辰昊（KINGHO） 微电流瘦脸美容仪 脸部去皱按摩器家用 面部滚轮按摩棒提拉紧致瘦脸神器 下单送洁面仪,家用电器,199.00,60,1.0,60,0,0,0,0,辰昊（KINGHO） 微电流瘦脸美容仪 脸部去皱按摩器家用 面部滚轮按摩棒提拉紧致瘦脸神器 下单送,12571012355,2018-05-17 23:55:50
京东,https://item.jd.com/20111463321.html,ULIKE,ULIKE洁面仪,ULIKE 温感声波洁面仪 家用电动硅胶洗脸按摩毛孔清洁器 UC501 粉色,家用电器,349.00,9,1.0,9,0,0,0,0,"温感声波', ' 家用电动硅胶洗脸按摩毛孔清洁器 UC501 粉色",20111463321,2018-05-17 23:55:50
京东,https://item.jd.com/15145107043.html,TODOM,TODOM洁面仪,TODOM 泰东蒸脸器美容仪纳米喷雾补水仪单管冷热温喷雾机家用面部洁面仪脸部保湿器 粉红色,家用电器,298.00,40,1.0,40,0,0,0,8,"泰东蒸脸器美容仪纳米喷雾补水仪单管冷热温喷雾机家用面部', '脸部保湿器 粉红色",15145107043,2018-05-17 23:55:50
京东,https://item.jd.com/20044659048.html,滴蕊（Droecore）,滴蕊（Droecore）洁面仪,滴蕊（Droecore） 美容仪 洁面仪 非卖品,美妆护肤,69.00,1500,0.99,1500,1,2,40,0,"滴蕊（Droecore） 美容仪 ', ' 非卖品",20044659048,2018-05-17 23:55:50
京东,https://item.jd.com/10930083493.html,松下（Panasonic）,松下（Panasonic）洁面仪,松下（Panasonic） 温热离子美容器EH-ST50多功能美肤美容仪 家用清洁器洁面仪 白加紫色EH-ST50,家用电器,898.00,50,0.96,50,0,2,1,5,"松下（Panasonic） 温热离子美容器EH-ST50多功能美肤美容仪 家用清洁器', ' 白加紫色EH-ST50",10930083493,2018-05-17 23:55:50
京东,https://item.jd.com/16664708334.html,依氏之谜（YESMET）,依氏之谜（YESMET）洁面仪,【可喷爽肤水】 纳米喷雾补水仪  手持喷雾蒸脸器美容仪器【送美容棒】 雾化补水仪+24K黄金美容棒+3D电动洁面仪,家用电器,199.00,700,0.99,700,2,2,9,50,可喷爽肤水】 纳米喷雾补水仪  手持喷雾蒸脸器美容仪器【送美容棒】 雾化补水仪+24K黄金美容棒+3D电动,16664708334,2018-05-17 23:55:50
京东,https://item.jd.com/11868286987.html,依氏之谜（YESMET）,依氏之谜（YESMET）洁面仪,依氏之谜（YESMET） 吸黑头仪器毛孔清洁器 去黑头仪神器 洁面仪 黑头吸出器 美容仪 4件套：吸黑头仪器+补水仪+洁面仪+导出液,美妆护肤,299.00,2600,0.97,2500,30,20,10,200,"依氏之谜（YESMET） 吸黑头仪器毛孔清洁器 去黑头仪神器 ', ' 黑头吸出器 美容仪 4件套：吸黑头仪器+补水仪+', '+导出液",11868286987,2018-05-17 23:55:50
京东,https://item.jd.com/23891551429.html,SkinWard+,SkinWard+洁面仪,SkinWard+ 【送黄金棒】斯汀沃德声波电动洁面仪 毛孔清洁面部美容仪 洗脸仪 洁面仪 日常型刷头（蓝色）,家用电器,29.00,20,1.0,20,0,0,0,0,"送黄金棒】斯汀沃德声波电动', ' 毛孔清洁面部美容仪 洗脸仪 ', ' 日常型刷头（蓝色",23891551429,2018-05-17 23:55:50
京东,https://item.jd.com/20532745974.html,金稻,金稻洁面仪,金稻 超声波铲皮机黑头仪美容仪家用去黑头洁面仪毛孔清洁器导出油脂粉刺,家用电器,158.00,200,0.99,200,0,1,0,2,"金稻 超声波铲皮机黑头仪美容仪家用去黑头', '毛孔清洁器导出油脂粉刺",20532745974,2018-05-17 23:55:51
京东,https://item.jd.com/11826170024.html,嫩芙（Runve）,嫩芙（Runve）洁面仪,嫩芙Runve 吸黑头仪器毛孔清洁器电动去黑头粉刺神器洁面仪焕肤家用美容仪 玫瑰金,家用电器,375.00,200,0.97,100,4,1,0,20,"嫩芙Runve 吸黑头仪器毛孔清洁器电动去黑头粉刺神器', '焕肤家用美容仪 玫瑰金",11826170024,2018-05-17 23:55:51
京东,https://item.jd.com/25495989609.html,时代超力,时代超力洁面仪,时代超力 离子导入仪电子美容仪器家用洁面仪脸部按摩仪洗脸神器排毒导出仪 颜色随机,家用电器,49.00,100,1.0,100,0,0,0,0,"时代超力 离子导入仪电子美容仪器家用', '脸部按摩仪洗脸神器排毒导出仪 颜色随机",25495989609,2018-05-17 23:55:51
京东,https://item.jd.com/14739037742.html,金稻,金稻洁面仪,金稻 全新升级【谈判官同款】纳米喷雾补水仪冷喷 洁面便携 蒸脸器美容仪器喷雾保湿 洁面仪 77S智能升级款,家用电器,168.00,500,0.99,500,1,1,2,60,"金稻 全新升级【谈判官同款】纳米喷雾补水仪冷喷 洁面便携 蒸脸器美容仪器喷雾保湿 ', ' 77S智能升级款",14739037742,2018-05-17 23:55:51
京东,https://item.jd.com/22753355006.html,MKS,MKS洁面仪,MKS/美克斯 蒸脸器 纳米冷热喷雾仪脸部加湿器清洁美容仪 蒸脸器+洁面仪套装,家用电器,369.00,100,0.97,100,2,2,1,20,"美克斯 蒸脸器 纳米冷热喷雾仪脸部加湿器清洁美容仪 蒸脸器+', '套装",22753355006,2018-05-17 23:55:51
京东,https://item.jd.com/25549654545.html,KVG,KVG洁面仪,KVG 洗脸器洁面刷电动硅胶洁面仪洗脸刷美容仪器家用洗脸神器 玫红色,美妆护肤,199.00,100,1.0,100,0,0,1,3,"洗脸器洁面刷电动硅胶', '洗脸刷美容仪器家用洗脸神器 玫红色",25549654545,2018-05-17 23:55:51
京东,https://item.jd.com/11177440471.html,依氏之谜（YESMET）,依氏之谜（YESMET）洁面仪,【可喷爽肤水】纳米喷雾补水仪  面部加湿器 补水保湿喷雾仪 充电便携蒸脸器 女神套装=补水仪+电动3D洁面仪+脸部按摩器,家用电器,229.00,1600,0.99,1600,6,4,10,100,"可喷爽肤水】纳米喷雾补水仪  面部加湿器 补水保湿喷雾仪 充电便携蒸脸器 女神套装=补水仪+电动3D', '+脸部按摩器",11177440471,2018-05-17 23:55:51
京东,https://item.jd.com/1541231264.html,金稻,金稻洁面仪,金稻 超声波导入仪器 美容仪导出家用洁面仪洗脸毛孔清洁器 脸部按摩仪,家用电器,135.00,800,0.96,800,10,10,4,100,"金稻 超声波导入仪器 美容仪导出家用', '洗脸毛孔清洁器 脸部按摩仪",1541231264,2018-05-17 23:55:51
京东,https://item.jd.com/22121941608.html,VEEMI,VEEMI洁面仪,VEEMI 洗脸仪电动洁面仪洗脸刷器卸妆洗脸神器毛孔清洁器软毛刷 （白色洁面仪）,家用电器,128.00,30,0.97,30,0,1,0,1,"洗脸仪电动', '洗脸刷器卸妆洗脸神器毛孔清洁器软毛刷 （白色",22121941608,2018-05-17 23:55:51
京东,https://item.jd.com/16961829090.html,金稻,金稻洁面仪,金稻 洁面仪 KD308B 电动硅胶洗脸仪毛孔清洁美容仪器 玫红色,家用电器,148.00,9,1.0,9,0,0,0,0,"金稻 ', ' KD308B 电动硅胶洗脸仪毛孔清洁美容仪器 玫红色",16961829090,2018-05-17 23:55:51
京东,https://item.jd.com/12964950344.html,TODOM,TODOM洁面仪,TODOM 泰东超声波美容仪美容院家用脸部离子精华导入仪脸部深层清洁排毒导出仪提拉紧致淡化细纹洁面仪 粉红色,家用电器,138.00,20,1.0,20,0,0,0,0,"泰东超声波美容仪美容院家用脸部离子精华导入仪脸部深层清洁排毒导出仪提拉紧致淡化细纹', ' 粉红色",12964950344,2018-05-17 23:55:51
京东,https://item.jd.com/26992105142.html,依氏之谜,依氏之谜洁面仪,离子导入仪导出仪 美肤按摩器 脸部美容仪 电动洁面仪器脸部清洁 便携美容仪器 导入营养 导出污垢 细 清洁护肤两不误 默认1,家用电器,69.90,10,0.9,9,0,1,0,0,"离子导入仪导出仪 美肤按摩器 脸部美容仪 电动', '器脸部清洁 便携美容仪器 导入营养 导出污垢 细 清洁护肤两不误 默认1",26992105142,2018-05-17 23:55:51
京东,https://item.jd.com/27343534647.html,雅萌（YA-MAN）,雅萌（YA-MAN）洁面仪,雅萌（YA-MAN） 美容器 红光射频家用补水美容仪器  导出导入瘦脸洁面仪 HRF-10TPRO,家用电器,3799.00,5,1.0,5,0,0,0,4,"雅萌（YA-MAN） 美容器 红光射频家用补水美容仪器  导出导入瘦脸', ' HRF-10TPRO",27343534647,2018-05-17 23:55:51
京东,https://item.jd.com/15264991630.html,TODOM,TODOM洁面仪,TODOM 泰东离子纳米喷雾补水仪热喷蒸脸器美容仪多功能中草药喷雾机熏脸仪家用保湿洁面仪 白色,家用电器,228.00,80,0.98,80,0,1,1,4,"泰东离子纳米喷雾补水仪热喷蒸脸器美容仪多功能中草药喷雾机熏脸仪家用保湿', ' 白色",15264991630,2018-05-17 23:55:51
京东,https://item.jd.com/14393634381.html,淘美（TAOMEI）,淘美（TAOMEI）洁面仪,淘美 负离子导入导出仪脸部按摩器洗脸仪美容仪洁面仪 标配,家用电器,24.00,70,0.97,70,2,0,0,4,"淘美 负离子导入导出仪脸部按摩器洗脸仪美容仪', ' 标配",14393634381,2018-05-17 23:55:52
京东,https://item.jd.com/11727391996.html,飞利浦（PHILIPS）,飞利浦（PHILIPS）洁面仪,【情人节礼物】飞利浦（PHILIPS） 洁面仪洗脸仪美容仪器清洁洁肤仪 MS5030男士,家用电器,529.00,100,1.0,100,0,0,4,20,"情人节礼物】飞利浦（PHILIPS） ', '洗脸仪美容仪器清洁洁肤仪 MS5030男士",11727391996,2018-05-17 23:55:52
京东,https://item.jd.com/27566401022.html,SKG,SKG洁面仪,SKG 脸部射频美容仪 抗皱导入导出美容器 洁面仪 紧致嫩肤仪 ,家用电器,1999.00,0,1.0,0,0,0,0,0,"脸部射频美容仪 抗皱导入导出美容器 ', ' 紧致嫩肤仪",27566401022,2018-05-17 23:55:52
京东,https://item.jd.com/17018838767.html,松下（Panasonic）,松下（Panasonic）洁面仪,松下（Panasonic）洁面仪温和卸妆洗颜多功能电泡沫洗脸仪 EH-SC50 美容仪 紫色,家用电器,698.00,5,1.0,5,0,0,0,0,"松下（Panasonic）', '温和卸妆洗颜多功能电泡沫洗脸仪 EH-SC50 美容仪 紫色",17018838767,2018-05-17 23:55:52
京东,https://item.jd.com/14020178617.html,PHILIPS,PHILIPS洁面仪,飞利浦洁面仪SC5340 SC5275 SC5360 洁肤仪充电器 充电座 原装正品配件,家用电器,165.00,3,1.0,3,0,0,0,0,"飞利浦', 'SC5340 SC5275 SC5360 洁肤仪充电器 充电座 原装正品配件",14020178617,2018-05-17 23:55:52
京东,https://item.jd.com/26798488150.html,飞利浦（PHILIPS）,飞利浦（PHILIPS）洁面仪,飞利浦（PHILIPS）男士护理 全身水洗 套装含洁面仪MS5031+鼻毛修剪器NT1140,家用电器,799.00,6,1.0,6,0,0,0,0,"飞利浦（PHILIPS）男士护理 全身水洗 套装含', 'MS5031+鼻毛修剪器NT1140",26798488150,2018-05-17 23:55:52
京东,https://item.jd.com/27132251255.html,美克斯（MKS）,美克斯（MKS）洁面仪,MKS/美克斯美容仪器离子导入仪导出家用毛孔清洁器脸部洁面仪 8528 导入仪,家用电器,49.00,7,1.0,7,0,0,0,0,"美克斯美容仪器离子导入仪导出家用毛孔清洁器脸部', ' 8528 导入仪",27132251255,2018-05-17 23:55:52
京东,https://item.jd.com/11132740563.html,SKG,SKG洁面仪,SKG 美容器离子导入导出美容仪洗脸洁面仪4112,家用电器,399.00,300,0.98,300,4,1,2,30,"美容器离子导入导出美容仪洗脸', '4112",11132740563,2018-05-17 23:55:52
京东,https://item.jd.com/26819305722.html,伊芙美,伊芙美洁面仪,伊芙美 RF射频美容仪 导入导出家用红光美容仪蓝光祛痘祛斑   面部清洁洁面仪 提拉肌肤瘦脸仪,家用电器,899.00,20,1.0,20,0,0,0,0,"伊芙美 RF射频美容仪 导入导出家用红光美容仪蓝光祛痘祛斑   面部清洁', ' 提拉肌肤瘦脸仪",26819305722,2018-05-17 23:55:52
京东,https://item.jd.com/23919993529.html,依氏之谜,依氏之谜洁面仪,3D电动瘦脸神器 脸部按摩器 瘦脸美容仪 V脸神器 滚轮按摩棒 家用震动美容仪器 电动滚轮+电动洁面仪+玫瑰精油,家用电器,139.00,900,0.99,900,2,1,6,30,"电动瘦脸神器 脸部按摩器 瘦脸美容仪 V脸神器 滚轮按摩棒 家用震动美容仪器 电动滚轮+电动', '+玫瑰精油",23919993529,2018-05-17 23:55:52
京东,https://item.jd.com/17287673588.html,依氏之谜,依氏之谜洁面仪,依氏之谜 离子导入仪导出洁面仪 超声波面部紧肤震动按摩器美容仪 离子导入仪,家用电器,99.00,1200,0.99,1100,5,4,10,10,"依氏之谜 离子导入仪导出', ' 超声波面部紧肤震动按摩器美容仪 离子导入仪",17287673588,2018-05-17 23:55:52
京东,https://item.jd.com/19925884617.html,素妍美（SY）,素妍美（SY）洁面仪,素妍美（SY） 黑头仪 家用美容仪 毛孔清洁器仪电动吸黑头仪器美容院专用脸部洁面仪 黑色 素妍美多用黑头仪,家用电器,158.00,20,0.95,20,0,1,0,0,"素妍美（SY） 黑头仪 家用美容仪 毛孔清洁器仪电动吸黑头仪器美容院专用脸部', ' 黑色 素妍美多用黑头仪",19925884617,2018-05-17 23:55:52
京东,https://item.jd.com/1672396196.html,goodwind,goodwind洁面仪,超声波美容仪器家用脸部导入仪祛皱祛痘去斑美容仪提拉紧致瘦脸面部按摩器毛孔清洁导出洁面仪红蓝光子嫩肤仪 典雅香槟金(带座充 充电款),家用电器,389.00,800,0.99,700,4,4,5,60,"超声波美容仪器家用脸部导入仪祛皱祛痘去斑美容仪提拉紧致瘦脸面部按摩器毛孔清洁导出', '红蓝光子嫩肤仪 典雅香槟金(带座充 充电款",1672396196,2018-05-17 23:55:52
京东,https://item.jd.com/11895209007.html,网易严选,网易严选洁面仪,网易严选 网易严选 声波深层洁面仪 洁面卸妆清洁器洗脸仪 普通刷头*1+敏感刷头*1,家用电器,28.00,400,0.97,400,4,7,1,30,"网易严选 网易严选 声波深层', ' 洁面卸妆清洁器洗脸仪 普通刷头*1+敏感刷头*1",11895209007,2018-05-17 23:55:53
京东,https://item.jd.com/12743569072.html,飞利浦（PHILIPS）,飞利浦（PHILIPS）洁面仪,飞利浦（PHILIPS） 洁肤仪BSC200 女士美容仪 洁面仪洗脸仪洗脸器,家用电器,488.00,40,0.97,40,1,0,0,1,"飞利浦（PHILIPS） 洁肤仪BSC200 女士美容仪 ', '洗脸仪洗脸器",12743569072,2018-05-17 23:55:53
京东,https://item.jd.com/19437661055.html,尧尚（YAOSUN）,尧尚（YAOSUN）洁面仪,尧尚（YAOSUN）热喷纳米离子蒸汽美容器 清洁保湿蒸脸器 护肤补水蒸脸仪清洁面仪蒸面器 白色,家用电器,189.00,90,1.0,90,0,0,4,10,"尧尚（YAOSUN）热喷纳米离子蒸汽美容器 清洁保湿蒸脸器 护肤补水蒸脸仪清', '蒸面器 白色",19437661055,2018-05-17 23:55:53
京东,https://item.jd.com/26359376191.html,金稻,金稻洁面仪,金稻  离子导入仪美肤按摩器 脸部美容仪电动洁面仪器脸部清洁仪美容仪 深层清洁 营养导入 白色,家用电器,99.00,30,1.0,30,0,0,0,0,"金稻  离子导入仪美肤按摩器 脸部美容仪电动', '器脸部清洁仪美容仪 深层清洁 营养导入 白色",26359376191,2018-05-17 23:55:53
京东,https://item.jd.com/10607385007.html,雅白（YABAI）,雅白（YABAI）洁面仪,雅白洗脸仪电动脸部洁面仪洗脸神器毛孔清洁器迷你硅胶防水充电式家用 绿色,家用电器,88.00,200,0.97,200,6,1,1,6,"雅白洗脸仪电动脸部', '洗脸神器毛孔清洁器迷你硅胶防水充电式家用 绿色",10607385007,2018-05-17 23:55:53
京东,https://item.jd.com/16277520642.html,金稻,金稻洁面仪,金稻 吸黑头仪器 美容仪家用电动洁面仪 真空负压吸黑头粉刺毛孔清洁神器 黑头吸出器 加20元换购139元辰昊洁面仪 数量有限,家用电器,188.00,600,0.98,600,6,3,1,30,"金稻 吸黑头仪器 美容仪家用电动', ' 真空负压吸黑头粉刺毛孔清洁神器 黑头吸出器 加20元换购139元辰昊', ' 数量有限",16277520642,2018-05-17 23:55:53
京东,https://item.jd.com/12337892003.html,SkinWard+,SkinWard+洁面仪,SkinWard+ 【送眼部按摩仪】净颜焕采洁面仪声波电动美容美肤洗面仪男女毛孔清洁洗脸,家用电器,155.00,200,0.99,200,1,1,1,30,"送眼部按摩仪】净颜焕采', '声波电动美容美肤洗面仪男女毛孔清洁洗脸",12337892003,2018-05-17 23:55:53
京东,https://item.jd.com/11383400425.html,松下（Panasonic）,松下（Panasonic）洁面仪,松下（Panasonic） 美容仪EH-ST63 温热离子导入导出洁面仪 毛孔清洁嫩肤仪 EH-ST63-P,家用电器,969.00,60,0.98,60,0,1,1,2,"松下（Panasonic） 美容仪EH-ST63 温热离子导入导出', ' 毛孔清洁嫩肤仪 EH-ST63-P",11383400425,2018-05-17 23:55:53
京东,https://item.jd.com/23851747359.html,南极人（Nanjiren）,南极人（Nanjiren）洁面仪,南极人（Nanjiren） 吸黑头仪器  美容仪家用去黑头仪电动洁面仪女 毛孔清洁器吸出神 金色美容仪,家用电器,369.00,700,1.0,700,0,0,0,0,"南极人（Nanjiren） 吸黑头仪器  美容仪家用去黑头仪电动', '女 毛孔清洁器吸出神 金色美容仪",23851747359,2018-05-17 23:55:53
京东,https://item.jd.com/15311180027.html,Benss,Benss洁面仪,Benss 【下单即赠】购买智能美容仪洁面仪纳米补水仪 即赠280°旋转美颜自拍杆,家用电器,119.00,100,1.0,100,0,0,0,0,"下单即赠】购买智能美容仪', '纳米补水仪 即赠280°旋转美颜自拍杆",15311180027,2018-05-17 23:55:53
京东,https://item.jd.com/25882326629.html,CFCF,CFCF洁面仪,CFCF 才妃洗脸神器电动洁面仪洗脸仪混合面部替换刷头 混合面部,家用电器,20.00,9,1.0,9,0,0,0,0,"才妃洗脸神器电动', '洗脸仪混合面部替换刷头 混合面部",25882326629,2018-05-17 23:55:53
京东,https://item.jd.com/22222996889.html,依氏之谜（YESMET）,依氏之谜（YESMET）洁面仪,依氏之谜（YESMET） 【送美容棒】 瘦脸神器 脸部按摩器 微电流美容仪 滚轮脸部按摩仪 家用 滚轮按摩器+洁面仪+美容棒（送） 精选好货,家用电器,239.00,600,0.99,600,3,1,9,50,"依氏之谜（YESMET） 【送美容棒】 瘦脸神器 脸部按摩器 微电流美容仪 滚轮脸部按摩仪 家用 滚轮按摩器+', '+美容棒（送） 精选好货",22222996889,2018-05-17 23:55:53
京东,https://item.jd.com/25542427757.html,SKG,SKG洁面仪,SKG 导入导出洁面仪离子超声波彩光嫩肤电子美容仪 毛孔清洁器 3224 粉色,家用电器,699.00,9,1.0,9,0,0,0,1,"导入导出', '离子超声波彩光嫩肤电子美容仪 毛孔清洁器 3224 粉色",25542427757,2018-05-17 23:55:53
京东,https://item.jd.com/22943853278.html,奇朗（KEELRONL）,奇朗（KEELRONL）洁面仪,奇朗（KEELRONL） 洁面仪 硅胶电动毛孔清洁美容按摩洗脸器 草绿色,家用电器,99.00,100,1.0,100,0,0,0,3,"奇朗（KEELRONL） ', ' 硅胶电动毛孔清洁美容按摩洗脸器 草绿色",22943853278,2018-05-17 23:55:53
京东,https://item.jd.com/22397940703.html,木薯（mushu）,木薯（mushu）洁面仪,木薯（mushu） 洁面仪mini毛孔清洁器洗脸仪电动洗面仪便携型美容仪器 洁面仪,家用电器,599.00,30,1.0,30,0,0,0,0,"木薯（mushu） ', 'mini毛孔清洁器洗脸仪电动洗面仪便携型美容仪器",22397940703,2018-05-17 23:55:53
京东,https://item.jd.com/25882261461.html,CFCF,CFCF洁面仪,CFCF 才妃洗脸神器电动洁面仪洗脸仪普通敏感替换刷头 普通敏感,家用电器,20.00,4,1.0,4,0,0,0,0,"才妃洗脸神器电动', '洗脸仪普通敏感替换刷头 普通敏感",25882261461,2018-05-17 23:55:53
京东,https://item.jd.com/27949560595.html,MARASIL,MARASIL洁面仪,MARASIL玛瑞莎电动温热洁面仪洗脸仪男女家用毛孔清洁器充电式硅胶美容洗脸刷 专用眼罩 颜色随机发 黑色,家用电器,12.00,90,1.0,90,0,0,0,4,"玛瑞莎电动温热', '洗脸仪男女家用毛孔清洁器充电式硅胶美容洗脸刷 专用眼罩 颜色随机发 黑色",27949560595,2018-05-17 23:55:53
京东,https://item.jd.com/26813907518.html,嫩芙（Runve）,嫩芙（Runve）洁面仪,嫩芙（Runve）去黑头仪器 电动吸黑头毛孔清洁器 家用美容仪器去黑头粉刺神器洗脸刷迷你洁面仪 白色,家用电器,188.00,0,1.0,0,0,0,0,0,"嫩芙（Runve）去黑头仪器 电动吸黑头毛孔清洁器 家用美容仪器去黑头粉刺神器洗脸刷迷你', ' 白色",26813907518,2018-05-17 23:55:53
京东,https://item.jd.com/25881752148.html,CFCF,CFCF洁面仪,CFCF 才妃洗脸神器电动洁面仪洗脸仪混合身体替换刷头 混合身体,家用电器,20.00,0,1.0,0,0,0,0,0,"才妃洗脸神器电动', '洗脸仪混合身体替换刷头 混合身体",25881752148,2018-05-17 23:55:54
京东,https://item.jd.com/12263419195.html,依氏之谜,依氏之谜洁面仪,【升级款】吸黑头仪器毛孔清洁器 去黑头仪神器 吸粉刺油脂洁面仪 家用美容仪 黑头吸出器 限时特惠 升级版 吸黑头仪器 直降100,家用电器,169.00,900,0.98,900,6,9,10,100,"升级款】吸黑头仪器毛孔清洁器 去黑头仪神器 吸粉刺油脂', ' 家用美容仪 黑头吸出器 限时特惠 升级版 吸黑头仪器 直降100",12263419195,2018-05-17 23:55:54
京东,https://item.jd.com/10103875616.html,金稻,金稻洁面仪,金稻 【杨幂热荐】蒸脸器KD-2331S美容仪器家用补水洁面仪器 白色,家用电器,198.00,3300,0.97,3200,50,40,5,300,"金稻 【杨幂热荐】蒸脸器KD-2331S美容仪器家用补水', '器 白色",10103875616,2018-05-17 23:55:54
京东,https://item.jd.com/18803272712.html,金稻（KINGDOMCARES）,金稻（KINGDOMCARES）洁面仪,金稻 美容仪器家用导入仪器超声波祛皱 脸部按摩仪洁面仪面部清洁仪 光子嫩肤仪彩光 V脸提拉紧致美容仪 精华导入仪KD-S611+眼部按摩仪,家用电器,118.00,500,0.99,500,1,0,0,1,"金稻 美容仪器家用导入仪器超声波祛皱 脸部按摩仪', '面部清洁仪 光子嫩肤仪彩光 V脸提拉紧致美容仪 精华导入仪KD-S611+眼部按摩仪",18803272712,2018-05-17 23:55:54
京东,https://item.jd.com/11107241950.html,娇源（BEAUTYSAY）,娇源（BEAUTYSAY）洁面仪,娇源（BEAUTYSAY） 超声波离子导入仪电子美容仪 导出仪洁面仪脸部按摩仪器面部清洁 白色,家用电器,238.00,2500,0.99,2500,10,8,10,40,"娇源（BEAUTYSAY） 超声波离子导入仪电子美容仪 导出仪', '脸部按摩仪器面部清洁 白色",11107241950,2018-05-17 23:55:54
京东,https://item.jd.com/25882088374.html,CFCF,CFCF洁面仪,CFCF 才妃洗脸神器电动洁面仪洗脸仪羊毛面部替换刷头 羊毛面部,家用电器,20.00,400,0.99,400,0,1,0,0,"才妃洗脸神器电动', '洗脸仪羊毛面部替换刷头 羊毛面部",25882088374,2018-05-17 23:55:54
京东,https://item.jd.com/26632165098.html,叶语（ORGANIC PURE）,叶语（ORGANIC PURE）洁面仪,叶语（ORGANIC PURE） 吸黑头洁面仪美容仪 去黑头毛孔清洁器收毛孔粉刺洁面洗脸 典雅高贵-紫色款,家用电器,199.00,60,1.0,60,0,0,2,6,"叶语（ORGANIC PURE） 吸黑头', '美容仪 去黑头毛孔清洁器收毛孔粉刺洁面洗脸 典雅高贵-紫色款",26632165098,2018-05-17 23:55:54
京东,https://item.jd.com/10619988621.html,娇源（BEAUTYSAY）,娇源（BEAUTYSAY）洁面仪,娇源（BEAUTYSAY） 电子美容仪吸黑头仪洁面仪家用便携去黑头吸粉刺油脂吸黑头美容器 玫瑰金送98元蒸脸器,家用电器,248.00,1000,0.98,1000,10,4,4,40,"娇源（BEAUTYSAY） 电子美容仪吸黑头仪', '家用便携去黑头吸粉刺油脂吸黑头美容器 玫瑰金送98元蒸脸器",10619988621,2018-05-17 23:55:54
京东,https://item.jd.com/15901019130.html,塔妮珂（tasike）,塔妮珂（tasike）洁面仪,德国tasike/塔妮珂超声波洁面仪器铲皮机去黑头/角质嫩肤导入导出仪(加赠导出液) 珍珠白,家用电器,378.00,400,0.99,400,1,2,1,9,"德国tasike/塔妮珂超声波', '器铲皮机去黑头/角质嫩肤导入导出仪(加赠导出液) 珍珠白",15901019130,2018-05-17 23:55:54
京东,https://item.jd.com/28208373627.html,BlingBelle,BlingBelle洁面仪,BlingBelle 德国贝尔洁面仪二代无线充电电动硅胶洁面仪男女 贝琳贝儿刷洗脸仪面部美容器洗脸仪 粉红色,家用电器,108.00,0,1.0,0,0,0,0,0,"德国贝尔', '二代无线充电电动硅胶', '男女 贝琳贝儿刷洗脸仪面部美容器洗脸仪 粉红色",28208373627,2018-05-17 23:55:54
京东,https://item.jd.com/26660623836.html,GOODSKY,GOODSKY洁面仪,GOODSKY 洁面仪 硅胶电动洁面仪 洗脸充电式美容仪家用面部按摩毛孔清洁器 玫红色,家用电器,88.00,1200,0.99,1200,0,2,1,0,"硅胶电动', ' 洗脸充电式美容仪家用面部按摩毛孔清洁器 玫红色",26660623836,2018-05-17 23:55:54
京东,https://item.jd.com/1553413591.html,Tripollar,Tripollar洁面仪,Tripollar 美容仪器 瘦脸 紧致 家用美容仪洁面仪 童颜仪RF射频 stop白-京东仓发货,家用电器,2888.00,500,0.98,500,2,5,5,80,"美容仪器 瘦脸 紧致 家用美容仪', ' 童颜仪RF射频 stop白-京东仓发货",1553413591,2018-05-17 23:55:54
京东,https://item.jd.com/12739695547.html,金稻（KINGDOMCARES）,金稻（KINGDOMCARES）洁面仪,金稻（KINGDOMCARES） 吸黑头仪器去黑头粉刺收缩毛孔电动清洁导出蒸脸补水洁面仪 白色,家用电器,138.00,1100,0.98,1100,7,8,1,40,"金稻（KINGDOMCARES） 吸黑头仪器去黑头粉刺收缩毛孔电动清洁导出蒸脸补水', ' 白色",12739695547,2018-05-17 23:55:54
京东,https://item.jd.com/11881855131.html,金稻,金稻洁面仪,金稻 电动洁面仪超声波洗脸仪器防水毛孔清洁器美容仪充电洗脸器 粉红色KD-3033C,家用电器,198.00,100,0.98,100,1,1,1,6,"金稻 电动', '超声波洗脸仪器防水毛孔清洁器美容仪充电洗脸器 粉红色KD-3033C",11881855131,2018-05-17 23:55:54
京东,https://item.jd.com/12537000573.html,爱满分（Aimanfun）,爱满分（Aimanfun）洁面仪,爱满分（Aimanfun）离子导入仪导出洗脸洁面仪家用按摩器面部面膜精华美容仪器 粉红色,家用电器,299.00,200,0.99,200,1,0,10,60,"爱满分（Aimanfun）离子导入仪导出洗脸', '家用按摩器面部面膜精华美容仪器 粉红色",12537000573,2018-05-17 23:55:54
京东,https://item.jd.com/14636327433.html,飞利浦（PHILIPS）,飞利浦（PHILIPS）洁面仪,飞利浦（PHILIPS） 洁面仪SC5275 电子美容仪去黑头角质卸妆美容仪洗脸器毛孔 梦幻极光臻宠版SC5275,家用电器,799.00,9,1.0,9,0,0,0,1,"飞利浦（PHILIPS） ', 'SC5275 电子美容仪去黑头角质卸妆美容仪洗脸器毛孔 梦幻极光臻宠版SC5275",14636327433,2018-05-17 23:55:54
京东,https://item.jd.com/4341087.html,科莱丽（Clarisonic）,科莱丽（Clarisonic）洁面仪,科莱丽S2642600U,家用电器,290.00,200,0.97,200,4,3,0,10,"科莱丽 Clarisonic 声波电动', ' 面部刷头 魔力声波美妆刷头",4341087,2018-05-17 23:55:54
京东,https://item.jd.com/10785752437.html,依氏之谜（YESMET）,依氏之谜（YESMET）洁面仪,【可喷爽肤水】纳米喷雾补水仪 面部加湿器便携蒸脸器家用美容仪 【送美容棒】 第5代补水仪+电动洁面仪+美容棒（赠）减20,家用电器,199.00,15000,0.99,15000,60,60,100,1600,"可喷爽肤水】纳米喷雾补水仪 面部加湿器便携蒸脸器家用美容仪 【送美容棒】 第5代补水仪+电动', '+美容棒（赠）减20",10785752437,2018-05-17 23:55:55
京东,https://item.jd.com/11184192944.html,依氏之谜（YESMET）,依氏之谜（YESMET）洁面仪,依氏之谜（YESMET） 离子导入仪美肤按摩器  脸部美容仪电动洁面仪器脸部清洁仪美容仪 深层清洁 营养导入 活动下单送39元玫瑰精油,家用电器,69.90,3600,0.99,3600,10,20,10,50,"依氏之谜（YESMET） 离子导入仪美肤按摩器  脸部美容仪电动', '器脸部清洁仪美容仪 深层清洁 营养导入 活动下单送39元玫瑰精油",11184192944,2018-05-17 23:55:55
京东,https://item.jd.com/18265334884.html,金稻,金稻洁面仪,金稻 杨幂定制面部套装3件套智能纳米补水仪硅胶洁面仪纳米冷热喷 大礼包3件套,家用电器,399.00,200,0.99,200,1,1,0,10,"金稻 杨幂定制面部套装3件套智能纳米补水仪硅胶', '纳米冷热喷 大礼包3件套",18265334884,2018-05-17 23:55:55
京东,https://item.jd.com/17250120098.html,ilift,ilift洁面仪,ilift 微电流美容仪洁面仪 瘦脸神器 离子脸部精华导入仪 家用按摩仪器 导出仪清洁毛孔电动洗脸仪 金色,家用电器,209.00,2000,0.99,2000,10,6,3,50,"微电流美容仪', ' 瘦脸神器 离子脸部精华导入仪 家用按摩仪器 导出仪清洁毛孔电动洗脸仪 金色",17250120098,2018-05-17 23:55:55
京东,https://item.jd.com/26263067260.html,asmek,asmek洁面仪,Clalufa 微电流瘦脸神器瘦脸仪美容仪脸部按摩器3D滚轮按摩仪家用面部美容仪 瘦脸仪+硅胶洁面仪+黄金美容棒 玫瑰金,家用电器,149.00,400,1.0,400,0,0,1,20,"微电流瘦脸神器瘦脸仪美容仪脸部按摩器3D滚轮按摩仪家用面部美容仪 瘦脸仪+硅胶', '+黄金美容棒 玫瑰金",26263067260,2018-05-17 23:55:55
京东,https://item.jd.com/17538146753.html,金稻,金稻洁面仪,金稻 【杨幂代言】蒸脸器 纳米喷雾补水仪 冷喷 家用美容洁面仪 kd2331-6 冷喷款,家用电器,128.00,4,1.0,4,0,0,0,0,"金稻 【杨幂代言】蒸脸器 纳米喷雾补水仪 冷喷 家用美容', ' kd2331-6 冷喷款",17538146753,2018-05-17 23:55:55
京东,https://item.jd.com/14188521899.html,淘美（TAOMEI）,淘美（TAOMEI）洁面仪,淘美 负离子导入导出仪脸部按摩器洗脸仪美容仪洁面仪 标配,家用电器,24.00,20,0.96,20,0,1,0,0,"淘美 负离子导入导出仪脸部按摩器洗脸仪美容仪', ' 标配",14188521899,2018-05-17 23:55:55
京东,https://item.jd.com/10468551719.html,初心,初心洁面仪,初心木质手柄洗脸刷手工洁面刷洁面仪毛孔清洁器1个 榉木+超纤,美妆护肤,55.00,200,0.97,100,3,1,2,10,"初心木质手柄洗脸刷手工洁面刷', '毛孔清洁器1个 榉木+超纤",10468551719,2018-05-17 23:55:56
京东,https://item.jd.com/25785261651.html,依氏之谜,依氏之谜洁面仪,【送美容棒】纳米喷雾仪 保湿补水仪器 面部加湿器 补水喷雾仪 便携蒸脸器热喷 雾化补水仪+24K黄金美容棒+3D电动洁面仪,家用电器,199.00,300,0.99,300,1,2,7,30,送美容棒】纳米喷雾仪 保湿补水仪器 面部加湿器 补水喷雾仪 便携蒸脸器热喷 雾化补水仪+24K黄金美容棒+3D电动,25785261651,2018-05-17 23:55:56
京东,https://item.jd.com/10626791763.html,CHB,CHB洁面仪,吸黑头仪器美容仪家用吸粉刺神器去黑头机洁面仪毛孔清洁器,美妆护肤,126.00,800,0.98,800,6,8,3,4,"吸黑头仪器美容仪家用吸粉刺神器去黑头机', '毛孔清洁器",10626791763,2018-05-17 23:55:56
京东,https://item.jd.com/21782482768.html,欧铠（OK）,欧铠（OK）洁面仪,欧铠（OK） 纳米补水仪喷雾器便携式蒸脸美容仪面部加湿器洁面仪冷喷1881 珍珠白,家用电器,168.00,1800,0.99,1800,1,5,6,100,"欧铠（OK） 纳米补水仪喷雾器便携式蒸脸美容仪面部加湿器', '冷喷1881 珍珠白",21782482768,2018-05-17 23:55:56
京东,https://item.jd.com/19206823543.html,SKG,SKG洁面仪,SKG 洁面仪家用洁面刷毛孔清洁器电子美容仪器洗脸仪3191,家用电器,1499.00,0,1.0,0,0,0,0,0,家用洁面刷毛孔清洁器电子美容仪器洗脸仪3191,19206823543,2018-05-17 23:55:56
京东,https://item.jd.com/12034488684.html,淘美（TAOMEI）,淘美（TAOMEI）洁面仪,淘美 家用电动洗脸洁面仪器TM8968白色 浅蓝色,家用电器,140.00,0,1.0,0,0,0,0,0,"淘美 家用电动洗脸', '器TM8968白色 浅蓝色",12034488684,2018-05-17 23:55:56
京东,https://item.jd.com/21772062017.html,蒂欧尼（DIONE）,蒂欧尼（DIONE）洁面仪,蒂欧尼（DIONE） 洗脸仪 硅胶洁面仪毛孔清洁器电动洗脸仪洁面刷洗脸神器无线充电,美妆护肤,198.00,1200,0.99,1200,0,1,3,40,"蒂欧尼（DIONE） 洗脸仪 硅胶', '毛孔清洁器电动洗脸仪洁面刷洗脸神器无线充电",21772062017,2018-05-17 23:55:56
京东,https://item.jd.com/12037422903.html,淘美（TAOMEI）,淘美（TAOMEI）洁面仪,淘美 热喷蒸脸器美容仪家用洁面仪TM9688 玫瑰红色,家用电器,339.00,0,1.0,0,0,0,0,0,"淘美 热喷蒸脸器美容仪家用', 'TM9688 玫瑰红色",12037422903,2018-05-17 23:55:56
京东,https://item.jd.com/12101835247.html,松俊,松俊洁面仪,松俊 电动洁面仪毛孔清洁器洗脸器洗脸刷 时尚蓝,家用电器,59.00,3,0.66,2,1,0,0,0,"松俊 电动', '毛孔清洁器洗脸器洗脸刷 时尚蓝",12101835247,2018-05-17 23:55:56
京东,https://item.jd.com/10681236794.html,雅萌,雅萌洁面仪,雅萌 /YA-MAN射频嫩肤美容仪 紧致提拉美容仪器洁面仪 HRF-10T,家用电器,2699.00,70,1.0,70,0,0,1,6,"雅萌 /YA-MAN射频嫩肤美容仪 紧致提拉美容仪器', ' HRF-10T",10681236794,2018-05-17 23:55:56
京东,https://item.jd.com/26878623587.html,松俊,松俊洁面仪,松俊电动洁面仪毛孔清洁器洗脸机器 桔色电池款,家用电器,79.00,0,1.0,0,0,0,0,0,"松俊电动', '毛孔清洁器洗脸机器 桔色电池款",26878623587,2018-05-17 23:55:56
京东,https://item.jd.com/12078846595.html,淘美（TAOMEI）,淘美（TAOMEI）洁面仪,松俊 声波洁面仪洗脸电动防水洗脸刷 深紫色,家用电器,118.00,0,1.0,0,0,0,0,0,"松俊 声波', '洗脸电动防水洗脸刷 深紫色",12078846595,2018-05-17 23:55:56
京东,https://item.jd.com/20114033906.html,SUSU,SUSU洁面仪,SUSU 铲皮机美容仪器超声波家用洁面仪离子导入防水去死皮黑头,家用电器,328.00,3,1.0,3,0,0,0,0,"铲皮机美容仪器超声波家用', '离子导入防水去死皮黑头",20114033906,2018-05-17 23:55:57
京东,https://item.jd.com/25107654998.html,金稻,金稻洁面仪,金稻 家用超声波铲皮机美容仪吸黑头仪器电动脸部去黑头粉刺神器洁面仪 毛孔清洁器 黑头吸出器 超声波铲皮机,家用电器,158.00,4,1.0,4,0,0,0,0,"金稻 家用超声波铲皮机美容仪吸黑头仪器电动脸部去黑头粉刺神器', ' 毛孔清洁器 黑头吸出器 超声波铲皮机",25107654998,2018-05-17 23:55:57
京东,https://item.jd.com/17491979956.html,佳禾美（JIAHEMEI）,佳禾美（JIAHEMEI）洁面仪,佳禾美（JIAHEMEI） 美容器 红光射频 导入导出 家用美容仪洁面仪 玫瑰金 M9,家用电器,1399.00,9,1.0,9,0,0,0,3,"佳禾美（JIAHEMEI） 美容器 红光射频 导入导出 家用美容仪', ' 玫瑰金 M9",17491979956,2018-05-17 23:55:57
京东,https://item.jd.com/11488322067.html,松俊,松俊洁面仪,松俊 电动洁面仪毛孔清洁器洗脸器洗脸刷 时尚蓝,家用电器,59.00,4,1.0,4,0,0,0,0,"松俊 电动', '毛孔清洁器洗脸器洗脸刷 时尚蓝",11488322067,2018-05-17 23:55:57
京东,https://item.jd.com/10267529966.html,古姿（GUZI）,古姿（GUZI）洁面仪,古姿（GUZI） 古姿GUZI蒸脸器美容仪喷雾器纳米补水仪洁面仪脸部冷喷机GZ-0210 香槟金,家用电器,118.00,100,0.93,100,4,7,0,10,"古姿（GUZI） 古姿GUZI蒸脸器美容仪喷雾器纳米补水仪', '脸部冷喷机GZ-0210 香槟金",10267529966,2018-05-17 23:55:57
京东,https://item.jd.com/10469233196.html,玛可蓓莉（Marcopele）,玛可蓓莉（Marcopele）洁面仪,玛可蓓莉（Marcopele） 电动洗脸仪超声波洁面仪男士女士洗脸刷充电式毛孔清洁器脸部美容清洁仪 天蓝色,家用电器,128.00,6,1.0,6,0,0,0,0,"玛可蓓莉（Marcopele） 电动洗脸仪超声波', '男士女士洗脸刷充电式毛孔清洁器脸部美容清洁仪 天蓝色",10469233196,2018-05-17 23:55:57
京东,https://item.jd.com/10316193179.html,金稻,金稻洁面仪,金稻 电动洁面仪美容仪家用毛孔清洁器感应充电式软毛洗脸刷,家用电器,228.00,5,1.0,5,0,0,0,0,"金稻 电动', '美容仪家用毛孔清洁器感应充电式软毛洗脸刷",10316193179,2018-05-17 23:55:57
京东,https://item.jd.com/13439999132.html,美肤语,美肤语洁面仪,美肤语 妮卡NIKA超声波双速防水电动洁面仪 MR1307,美妆护肤,59.00,0,1.0,0,0,0,0,0,"美肤语 妮卡NIKA超声波双速防水电动', ' MR1307",13439999132,2018-05-17 23:55:57
京东,https://item.jd.com/17131305319.html,金稻（KINGDOMCARES）,金稻（KINGDOMCARES）洁面仪,金稻超声波导入仪电子美容仪离子导出洁面仪排毒脸部按摩仪器家用 白色 正常,家用电器,188.00,10,1.0,10,0,0,0,0,"金稻超声波导入仪电子美容仪离子导出', '排毒脸部按摩仪器家用 白色 正常",17131305319,2018-05-17 23:55:57
京东,https://item.jd.com/19165764382.html,康佳（KONKA）,康佳（KONKA）洁面仪,康佳（KONKA） 康佳热喷蒸脸器喷雾补水仪洁面仪器纳米家用喷雾机保湿美容仪器,家用电器,99.00,4,1.0,4,0,0,0,0,"康佳（KONKA） 康佳热喷蒸脸器喷雾补水仪', '器纳米家用喷雾机保湿美容仪器",19165764382,2018-05-17 23:55:57
京东,https://item.jd.com/10874127893.html,金稻（KINGDOMCARES）,金稻（KINGDOMCARES）洁面仪,金稻（KINGDOMCARES） 热喷蒸脸器纳米离子喷雾器家用补水仪面部加湿器美容洁面仪 离子热喷,家用电器,138.00,7000,0.99,6900,10,10,20,300,"金稻（KINGDOMCARES） 热喷蒸脸器纳米离子喷雾器家用补水仪面部加湿器美容', ' 离子热喷",10874127893,2018-05-17 23:55:57
京东,https://item.jd.com/11889703662.html,SKG,SKG洁面仪,SKG 离子美容仪导入导出洁面仪家用男女脸部电动洁面仪充电便携美容器4112 玫瑰金,家用电器,399.00,400,0.97,400,4,5,4,20,"离子美容仪导入导出', '家用男女脸部电动', '充电便携美容器4112 玫瑰金",11889703662,2018-05-17 23:55:57
京东,https://item.jd.com/12421356459.html,莱斯科顿,莱斯科顿洁面仪,莱斯科顿 蒸脸器冷热喷雾机纳米离子美容补水保湿洁面仪器 酒红色,家用电器,369.00,3,1.0,3,0,0,0,0,"莱斯科顿 蒸脸器冷热喷雾机纳米离子美容补水保湿', '器 酒红色",12421356459,2018-05-17 23:55:58
京东,https://item.jd.com/27504080130.html,金稻,金稻洁面仪,【拍下立减10元，新店送券】金稻超声波铲皮机美容仪家用去黑头洁面仪毛孔清洁器导出油脂粉刺 KD-8023,家用电器,128.00,1,1.0,1,0,0,0,0,"拍下立减10元，新店送券】金稻超声波铲皮机美容仪家用去黑头', '毛孔清洁器导出油脂粉刺 KD-8023",27504080130,2018-05-17 23:55:58
京东,https://item.jd.com/11253981521.html,奥卡丽斯,奥卡丽斯洁面仪,【送面膜+充电宝】纳米喷雾补水仪便携手持脸部加湿器面部保湿美容仪冷喷机洁面仪家用 粉色-充电宝+冷喷送滚轮,家用电器,99.00,20,1.0,20,0,0,0,4,"送面膜+充电宝】纳米喷雾补水仪便携手持脸部加湿器面部保湿美容仪冷喷机', '家用 粉色-充电宝+冷喷送滚轮",11253981521,2018-05-17 23:55:58
京东,https://item.jd.com/13442817544.html,华帝（VATTI）,华帝（VATTI）洁面仪,华帝（VATTI） 送黑头导出液套装吸黑头仪器美容仪面部毛孔清洁器 家用电子洁面仪吸粉刺 玫瑰红色,家用电器,129.00,100,0.94,100,4,4,1,8,"华帝（VATTI） 送黑头导出液套装吸黑头仪器美容仪面部毛孔清洁器 家用电子', '吸粉刺 玫瑰红色",13442817544,2018-05-17 23:55:58
京东,https://item.jd.com/21116210964.html,娇源（BEAUTYSAY）,娇源（BEAUTYSAY）洁面仪,娇源（BEAUTYSAY） 超声波离子导入导出仪电子美容仪家用童颜机洁面仪便携脸部按摩仪 白色,家用电器,168.00,20,1.0,20,0,0,0,1,"娇源（BEAUTYSAY） 超声波离子导入导出仪电子美容仪家用童颜机', '便携脸部按摩仪 白色",21116210964,2018-05-17 23:55:58
京东,https://item.jd.com/27384762078.html,伊诗兰顿,伊诗兰顿洁面仪,卡维妲露娜同款新品电动硅胶洗脸卡维达洁面仪 玫红色一个,美妆护肤,49.00,0,1.0,0,0,0,0,0,"卡维妲露娜同款新品电动硅胶洗脸卡维达', ' 玫红色一个",27384762078,2018-05-17 23:55:58
京东,https://item.jd.com/21462110417.html,康佳（KONKA）,康佳（KONKA）洁面仪,康佳（KONKA） 美容仪热喷蒸脸器喷雾洁面仪补水仪纳米家用喷雾机保湿美容器 KZ-X6,家用电器,109.00,20,1.0,20,0,0,0,3,"康佳（KONKA） 美容仪热喷蒸脸器喷雾', '补水仪纳米家用喷雾机保湿美容器 KZ-X6",21462110417,2018-05-17 23:55:58
京东,https://item.jd.com/10094724298.html,JOYJULY,JOYJULY洁面仪,JOYJULY 韩国家用彩光射频美容仪器超声刀脸部燃脂瘦脸仪器祛皱紧肤导入仪洁面仪 象牙白,家用电器,888.00,100,0.98,100,1,1,1,10,"韩国家用彩光射频美容仪器超声刀脸部燃脂瘦脸仪器祛皱紧肤导入仪', ' 象牙白",10094724298,2018-05-17 23:55:58
京东,https://item.jd.com/14775054518.html,金稻,金稻洁面仪,金稻 【杨幂代言】蒸脸器 热喷美容仪器 家用冷热喷补水洁面仪 六款可选（含冷热款） 热喷升级款,家用电器,148.00,100,1.0,100,0,0,0,5,"金稻 【杨幂代言】蒸脸器 热喷美容仪器 家用冷热喷补水', ' 六款可选（含冷热款） 热喷升级款",14775054518,2018-05-17 23:55:58
京东,https://item.jd.com/1510359090.html,塔莉卡（TALIKA）,塔莉卡（TALIKA）洁面仪,塔莉卡（TALIKA）光魅美肤仪 洁面仪美容仪 ,美妆护肤,1494.00,10,0.84,10,1,1,0,1,"塔莉卡（TALIKA）光魅美肤仪 ', '美容仪",1510359090,2018-05-17 23:55:58
京东,https://item.jd.com/16929437625.html,蒂欧尼（DIONE）,蒂欧尼（DIONE）洁面仪,蒂欧尼（DIONE） 吸黑头仪器毛孔清洁去黑头电动洁面仪 真空负压式吸黑头粉刺导出仪 标配3负压吸头,家用电器,199.00,20,1.0,20,0,0,0,0,"蒂欧尼（DIONE） 吸黑头仪器毛孔清洁去黑头电动', ' 真空负压式吸黑头粉刺导出仪 标配3负压吸头",16929437625,2018-05-17 23:55:58
京东,https://item.jd.com/25108137122.html,金稻（KINGDOMCARES）,金稻（KINGDOMCARES）洁面仪,金稻（KINGDOMCARES） 家用超声波铲皮机美容仪黑头仪电动脸部去黑头粉刺神器洁面仪 超声波铲皮机,家用电器,158.00,7,0.85,6,0,1,0,0,"金稻（KINGDOMCARES） 家用超声波铲皮机美容仪黑头仪电动脸部去黑头粉刺神器', ' 超声波铲皮机",25108137122,2018-05-17 23:55:58
京东,https://item.jd.com/10601403395.html,雅白（YABAI）,雅白（YABAI）洁面仪,雅白蒸脸器美容仪冷热喷家用蒸面器 离子喷雾补水美容仪器洁面仪 白色,家用电器,199.00,200,0.99,200,1,1,0,10,"雅白蒸脸器美容仪冷热喷家用蒸面器 离子喷雾补水美容仪器', ' 白色",10601403395,2018-05-17 23:55:58
京东,https://item.jd.com/27418181728.html,goodwind,goodwind洁面仪,waveclean硅胶洁面仪电动脸部清洁仪充电式洗脸仪去黑头家用美容仪器 玫红（无线充电款）,家用电器,199.00,9,1.0,9,0,0,0,1,"硅胶', '电动脸部清洁仪充电式洗脸仪去黑头家用美容仪器 玫红（无线充电款",27418181728,2018-05-17 23:55:58
京东,https://item.jd.com/26235207837.html,YKANG,YKANG洁面仪,YKANG 怡康离子精华导入导出仪震动光波美容仪家用洁面仪毛孔清洁器脸部按摩器 红色,家用电器,98.00,30,0.97,30,1,0,0,6,"怡康离子精华导入导出仪震动光波美容仪家用', '毛孔清洁器脸部按摩器 红色",26235207837,2018-05-17 23:55:59
京东,https://item.jd.com/15018756745.html,乐黛（notime）,乐黛（notime）洁面仪,乐黛（notime） notime 洁面仪电动毛孔清洁器家用去黑头美容仪洗脸 洗脸仪 典雅白,家用电器,399.00,9,1.0,9,0,0,0,0,"乐黛（notime） notime ', '电动毛孔清洁器家用去黑头美容仪洗脸 洗脸仪 典雅白",15018756745,2018-05-17 23:55:59
京东,https://item.jd.com/1234214736.html,娇源（BEAUTYSAY）,娇源（BEAUTYSAY）洁面仪,娇源（BEAUTYSAY） 超声波美容仪导入导出控油洗脸洁面仪黑头导出仪器离子嫩肤美容仪,家用电器,98.00,1500,0.95,1400,30,20,1,50,"娇源（BEAUTYSAY） 超声波美容仪导入导出控油洗脸', '黑头导出仪器离子嫩肤美容仪",1234214736,2018-05-17 23:55:59
京东,https://item.jd.com/18955597431.html,金稻（KINGDOMCARES）,金稻（KINGDOMCARES）洁面仪,【送美容棒】金稻 热喷蒸脸器 纳米喷雾补水仪 蒸脸仪家用热喷美容喷雾仪器 脸部加湿器 送139元美容棒+99元声波洁面仪,家用电器,168.00,4100,0.99,4100,10,7,50,300,送美容棒】金稻 热喷蒸脸器 纳米喷雾补水仪 蒸脸仪家用热喷美容喷雾仪器 脸部加湿器 送139元美容棒+99元声波,18955597431,2018-05-17 23:55:59
京东,https://item.jd.com/27442884515.html,未来家,未来家洁面仪,竹炭硅胶电动洁面仪 无线充电毛孔清洁器洗脸仪 声波电子美容仪刷 男女脸部洗面仪洗脸刷 玫瑰红,家用电器,78.00,0,1.0,0,0,0,0,0,"竹炭硅胶电动', ' 无线充电毛孔清洁器洗脸仪 声波电子美容仪刷 男女脸部洗面仪洗脸刷 玫瑰红",27442884515,2018-05-17 23:55:59
京东,https://item.jd.com/10559651751.html,淘美（TAOMEI）,淘美（TAOMEI）洁面仪,淘美（TAOMEI） 淘美蒸脸器家用洁面仪纳米喷雾机补水仪器脸部加湿器热喷,家用电器,198.00,4,1.0,4,0,0,0,0,"淘美（TAOMEI） 淘美蒸脸器家用', '纳米喷雾机补水仪器脸部加湿器热喷",10559651751,2018-05-17 23:55:59
京东,https://item.jd.com/1718129086.html,松俊,松俊洁面仪,松俊电动洁面仪毛孔清洁器充电洗脸仪男士女 深紫色,家用电器,65.00,300,0.89,300,20,10,4,80,"松俊电动', '毛孔清洁器充电洗脸仪男士女 深紫色",1718129086,2018-05-17 23:55:59
京东,https://item.jd.com/13282219490.html,松俊,松俊洁面仪,松俊吸黑头仪器洁面仪毛孔清洁脸部电动美容仪器家用 紫色+赠束发巾+化妆棉2盒,家用电器,85.00,60,0.9,60,0,6,1,1,"松俊吸黑头仪器', '毛孔清洁脸部电动美容仪器家用 紫色+赠束发巾+化妆棉2盒",13282219490,2018-05-17 23:55:59
京东,https://item.jd.com/24067834019.html,辰昊（KINGHO）,辰昊（KINGHO）洁面仪,辰昊（KINGHO）瘦脸神器 滚轮瘦脸仪器电动滚轮瘦脸按摩器 加20元送辰昊洁面仪,家用电器,139.00,100,1.0,100,0,0,0,6,辰昊（KINGHO）瘦脸神器 滚轮瘦脸仪器电动滚轮瘦脸按摩器 加20元送辰昊,24067834019,2018-05-17 23:55:59
京东,https://item.jd.com/10443341654.html,美业（MEIYE）,美业（MEIYE）洁面仪,美业 离子导出仪 家用洁面仪 卸妆仪 去油控油洗脸机祛痘去黑头美容仪CS-606 深层洁净,家用电器,189.00,0,1.0,0,0,0,0,0,"美业 离子导出仪 家用', ' 卸妆仪 去油控油洗脸机祛痘去黑头美容仪CS-606 深层洁净",10443341654,2018-05-17 23:55:59
京东,https://item.jd.com/10873001623.html,乐黛（notime）,乐黛（notime）洁面仪,乐黛（notime） notime光子嫩肤仪超导美容仪导入导出脸部祛皱瘦脸提拉紧致洁面仪,家用电器,599.00,100,0.99,100,0,1,1,10,乐黛（notime） notime光子嫩肤仪超导美容仪导入导出脸部祛皱瘦脸提拉紧致,10873001623,2018-05-17 23:55:59
京东,https://item.jd.com/1206660740.html,毕梵（Bevan）,毕梵（Bevan）洁面仪,毕梵/Bevan升级美容洁面仪电动洗脸仪按摩脸部美容仪毛孔清洁器,家用电器,49.00,40,0.79,30,3,6,0,2,"毕梵/Bevan升级美容', '电动洗脸仪按摩脸部美容仪毛孔清洁器",1206660740,2018-05-17 23:55:59
京东,https://item.jd.com/11878296070.html,娇源（BEAUTYSAY）,娇源（BEAUTYSAY）洁面仪,娇源（BEAUTYSAY） 美容仪吸黑头仪器去黑头粉刺油脂家用美容器便携毛孔清洁器洁面仪 玫瑰金,家用电器,198.00,2,1.0,2,0,0,0,0,"娇源（BEAUTYSAY） 美容仪吸黑头仪器去黑头粉刺油脂家用美容器便携毛孔清洁器', ' 玫瑰金",11878296070,2018-05-17 23:55:59
京东,https://item.jd.com/10996878100.html,金鼎（JINDING）,金鼎（JINDING）洁面仪,金鼎JD-200声波洁面仪 电动毛孔清洁器家用充电式美容仪男女洗脸仪美容仪器面部洗脸器 白色,家用电器,98.00,10,0.93,10,1,0,1,1,"金鼎JD-200声波', ' 电动毛孔清洁器家用充电式美容仪男女洗脸仪美容仪器面部洗脸器 白色",10996878100,2018-05-17 23:55:59
京东,https://item.jd.com/12650281768.html,飞利浦（PHILIPS）,飞利浦（PHILIPS）洁面仪,飞利浦洁面仪SC5275/SC5340/SC5320/SC5360/SC5370充电器配件,家用电器,64.00,10,1.0,10,0,0,0,0,"飞利浦', 'SC5275/SC5340/SC5320/SC5360/SC5370充电器配件",12650281768,2018-05-17 23:56:00
京东,https://item.jd.com/25841994132.html,乾越（QIANYUE）,乾越（QIANYUE）洁面仪,排毒导出仪负离子导入仪嫩肤祛皱美容仪家用洁面仪脸部按摩瘦脸 粉色一个,家用电器,20.90,10,1.0,10,0,0,0,1,"排毒导出仪负离子导入仪嫩肤祛皱美容仪家用', '脸部按摩瘦脸 粉色一个",25841994132,2018-05-17 23:56:00
京东,https://item.jd.com/10942034460.html,辰昊（KINGHO）,辰昊（KINGHO）洁面仪,【活动】纳米补水仪喷雾器 脸部补水器美容仪 面部加湿器 补水仪器 套餐=升级版补水仪+电动洁面仪+黄金瘦脸棒,家用电器,179.00,200,0.98,200,1,2,0,20,"活动】纳米补水仪喷雾器 脸部补水器美容仪 面部加湿器 补水仪器 套餐=升级版补水仪+电动', '+黄金瘦脸棒",10942034460,2018-05-17 23:56:00
京东,https://item.jd.com/24811806460.html,时代超力,时代超力洁面仪,时代超力 SDCL-心形洁面仪 电动硅胶洁面洗脸仪美容按摩仪去黑头毛孔清洁仪 红色,家用电器,69.00,30,1.0,30,0,0,0,0,"时代超力 SDCL-心形', ' 电动硅胶洁面洗脸仪美容按摩仪去黑头毛孔清洁仪 红色",24811806460,2018-05-17 23:56:00
京东,https://item.jd.com/1558803225.html,娇源（BEAUTYSAY）,娇源（BEAUTYSAY）洁面仪,娇源（BEAUTYSAY） 超声波美容仪离子导入导出洁面仪护肤按摩美容仪家用洗脸仪美容器 白色,家用电器,258.00,1300,0.97,1300,20,10,2,50,"娇源（BEAUTYSAY） 超声波美容仪离子导入导出', '护肤按摩美容仪家用洗脸仪美容器 白色",1558803225,2018-05-17 23:56:00
京东,https://item.jd.com/23793916372.html,COLORMAX,COLORMAX洁面仪,COLORMAX 超声波洁面仪女硅胶电动按摩洗脸仪去黑头毛孔清洁器美容洗脸器洗脸刷 枚红色,美妆护肤,108.00,100,0.97,100,0,3,0,5,"超声波', '女硅胶电动按摩洗脸仪去黑头毛孔清洁器美容洗脸器洗脸刷 枚红色",23793916372,2018-05-17 23:56:00
京东,https://item.jd.com/10147136234.html,倩碧（CLINIQUE）,倩碧（CLINIQUE）洁面仪,Clinique倩碧声波洁面仪 洁面仪,美妆护肤,748.00,3,1.0,3,0,0,0,0,倩碧声波,10147136234,2018-05-17 23:56:00
京东,https://item.jd.com/10653365045.html,欧铠（OK）,欧铠（OK）洁面仪,欧铠（OK） 补水仪纳米喷雾器便携式蒸脸美容仪面部加湿器洁面仪蒸脸器冷喷1882 玫瑰金（镜面）,家用电器,198.00,100,0.99,100,0,1,1,5,"欧铠（OK） 补水仪纳米喷雾器便携式蒸脸美容仪面部加湿器', '蒸脸器冷喷1882 玫瑰金（镜面",10653365045,2018-05-17 23:56:01
京东,https://item.jd.com/11398028296.html,飞利浦（PHILIPS）,飞利浦（PHILIPS）洁面仪,飞利浦(Philips) 洁肤仪SC5278净颜焕采祛痘洁肤仪美容仪电动洁面仪 清新绿,家用电器,999.00,2,1.0,2,0,0,0,0,"飞利浦(Philips) 洁肤仪SC5278净颜焕采祛痘洁肤仪美容仪电动', ' 清新绿",11398028296,2018-05-17 23:56:01
京东,https://item.jd.com/20693027874.html,SUSU,SUSU洁面仪,SUSU 洗脸神器 充电洁面仪 电子美容仪 洗脸器 去黑头毛孔清洁器 三合一洗脸仪 浅蓝色,家用电器,49.90,5,1.0,5,0,0,0,0,"洗脸神器 充电', ' 电子美容仪 洗脸器 去黑头毛孔清洁器 三合一洗脸仪 浅蓝色",20693027874,2018-05-17 23:56:01
京东,https://item.jd.com/10277047719.html,倩碧（CLINIQUE）,倩碧（CLINIQUE）洁面仪,CLINIQUE倩碧声波洁面仪动感声波紧颜提升按摩头,美妆护肤,228.00,2,1.0,2,0,0,0,0,"倩碧声波', '动感声波紧颜提升按摩头",10277047719,2018-05-17 23:56:01
京东,https://item.jd.com/11490412914.html,松俊,松俊洁面仪,松俊 洁面仪毛孔清洁器电动去黑头洁面仪洗脸刷电子美容仪器 粉色,家用电器,140.00,0,1.0,0,0,0,0,0,"松俊 ', '毛孔清洁器电动去黑头', '洗脸刷电子美容仪器 粉色",11490412914,2018-05-17 23:56:01
京东,https://item.jd.com/1535015755.html,倩碧（CLINIQUE）,倩碧（CLINIQUE）洁面仪,【京东配达 国内专柜】Clinique倩碧 声波洁面仪单独替换刷头*1个 新老包装随机发,美妆护肤,153.00,40,1.0,40,0,0,0,0,"京东配达 国内专柜】Clinique倩碧 声波', '单独替换刷头*1个 新老包装随机发",1535015755,2018-05-17 23:56:01
京东,https://item.jd.com/11376058361.html,美+1,美+1洁面仪,美+1  【5.20礼物】超声波铲皮器洁面仪 嫩肤祛黑头去角质粉刺美容仪MJ-5801 白色,家用电器,299.00,30,0.97,30,0,1,1,1,"美+1  【5.20礼物】超声波铲皮器', ' 嫩肤祛黑头去角质粉刺美容仪MJ-5801 白色",11376058361,2018-05-17 23:56:01
京东,https://item.jd.com/1604638465.html,古姿（GUZI）,古姿（GUZI）洁面仪,古姿（GUZI） 古姿GUZI 电动洁面仪洗脸器 家用洁面刷 毛孔清洁器 GZ-0601,家用电器,79.00,40,0.97,40,1,0,0,4,"古姿（GUZI） 古姿GUZI 电动', '洗脸器 家用洁面刷 毛孔清洁器 GZ-0601",1604638465,2018-05-17 23:56:01
京东,https://item.jd.com/28075624960.html,SUIKONE,SUIKONE洁面仪,洁面仪硅胶电动按摩洗脸毛孔清洁器防电更抗细菌美容仪三区清洁洗脸器 粉色,美妆护肤,98.00,0,1.0,0,0,0,0,0,硅胶电动按摩洗脸毛孔清洁器防电更抗细菌美容仪三区清洁洗脸器 粉色,28075624960,2018-05-17 23:56:01
京东,https://item.jd.com/12177054581.html,goodwind,goodwind洁面仪,红蓝绿光去痘淡疤超声波电子美容仪离子导入导出洁面仪,家用电器,289.00,0,1.0,0,0,0,0,0,红蓝绿光去痘淡疤超声波电子美容仪离子导入导出,12177054581,2018-05-17 23:56:01
京东,https://item.jd.com/26153245852.html,BlingBelle,BlingBelle洁面仪,BlingBelle 德国贝儿洗脸仪洁面仪男美容仪毛孔清洁器电动洗脸神器刷贝尔硅胶洁面仪二代 玫红色,美妆护肤,108.00,1400,0.99,1400,1,6,1,8,"德国贝儿洗脸仪', '男美容仪毛孔清洁器电动洗脸神器刷贝尔硅胶', '二代 玫红色",26153245852,2018-05-17 23:56:01
京东,https://item.jd.com/16792133427.html,飞利浦（PHILIPS）,飞利浦（PHILIPS）洁面仪,飞利浦洁面仪SC5275 SC5265SC5273SC5285SC5266洁肤仪充电座配件,家用电器,88.00,1,1.0,1,0,0,0,0,"飞利浦', 'SC5275 SC5265SC5273SC5285SC5266洁肤仪充电座配件",16792133427,2018-05-17 23:56:01
京东,https://item.jd.com/10911502806.html,松俊,松俊洁面仪,松俊（SONGJUN）洁面仪洗脸仪 电动洗脸仪器毛孔清洁器 蛋白色,家用电器,89.00,100,0.98,100,0,2,1,10,"松俊（SONGJUN）', '洗脸仪 电动洗脸仪器毛孔清洁器 蛋白色",10911502806,2018-05-17 23:56:01
京东,https://item.jd.com/25760172204.html,金稻（KingDom）,金稻（KingDom）洁面仪,金稻（KingDom）去吸黑头仪器 吸黑头美容器 去黑头神器毛孔清洁器美容仪洁面仪去粉刺,家用电器,138.00,2,1.0,2,0,0,0,0,"金稻（KingDom）去吸黑头仪器 吸黑头美容器 去黑头神器毛孔清洁器美容仪', '去粉刺",25760172204,2018-05-17 23:56:01
京东,https://item.jd.com/19926632929.html,JOYJULY,JOYJULY洁面仪,JOYJULY 韩国硅胶电动洁面仪无线充电毛孔清洁器洗脸仪声波电子美容仪刷 清新绿,美妆护肤,128.00,30,1.0,30,0,0,1,6,"韩国硅胶电动', '无线充电毛孔清洁器洗脸仪声波电子美容仪刷 清新绿",19926632929,2018-05-17 23:56:01
京东,https://item.jd.com/10136433248.html,金稻,金稻洁面仪,金稻 KD-3031洁面仪电动洗脸刷超声波洁面刷亲肤细软毛软 金色,美妆护肤,99.00,2,1.0,2,0,0,0,0,"金稻 KD-3031', '电动洗脸刷超声波洁面刷亲肤细软毛软 金色",10136433248,2018-05-17 23:56:01
京东,https://item.jd.com/10746746660.html,雅萌,雅萌洁面仪,雅萌 /YA-MAN 脸部紧致美容按摩仪清洁导入导出洁面仪新款蓝光红外版11T,家用电器,4499.00,4,1.0,4,0,0,0,0,"雅萌 /YA-MAN 脸部紧致美容按摩仪清洁导入导出', '新款蓝光红外版11T",10746746660,2018-05-17 23:56:01
京东,https://item.jd.com/13939850337.html,PHILIPS,PHILIPS洁面仪,飞利浦(Philips) 原装洁肤仪SC5278净颜焕采祛痘洁肤仪美容仪电动洁面仪 清新绿,家用电器,1388.00,0,1.0,0,0,0,0,0,"飞利浦(Philips) 原装洁肤仪SC5278净颜焕采祛痘洁肤仪美容仪电动', ' 清新绿",13939850337,2018-05-17 23:56:02
京东,https://item.jd.com/11499877496.html,松俊,松俊洁面仪,松俊洁面仪 电动毛孔清洁器洗脸刷充电式去黑头软毛洗脸仪 天蓝色,家用电器,69.00,2,1.0,2,0,0,0,0,"松俊', ' 电动毛孔清洁器洗脸刷充电式去黑头软毛洗脸仪 天蓝色",11499877496,2018-05-17 23:56:02
京东,https://item.jd.com/10918426750.html,松俊,松俊洁面仪,松俊（SONGJUN）洁面仪第六代电动毛孔清洁器震动洗脸机 浅紫色,家用电器,79.00,3,1.0,3,0,0,0,0,"松俊（SONGJUN）', '第六代电动毛孔清洁器震动洗脸机 浅紫色",10918426750,2018-05-17 23:56:02
京东,https://item.jd.com/27598213749.html,FaSoLa,FaSoLa洁面仪,FaSoLa 温感声波洁面仪 家用电动硅胶洗脸按摩毛孔清洁器 橄榄绿,美妆护肤,228.00,0,1.0,0,0,0,0,0,"温感声波', ' 家用电动硅胶洗脸按摩毛孔清洁器 橄榄绿",27598213749,2018-05-17 23:56:02
京东,https://item.jd.com/14025418382.html,PHILIPS,PHILIPS洁面仪,飞利浦洁面仪SC5275/SC5340/SC5320/SC5360/SC5370充电器配件,家用电器,80.00,1,1.0,1,0,0,0,0,"飞利浦', 'SC5275/SC5340/SC5320/SC5360/SC5370充电器配件",14025418382,2018-05-17 23:56:02
京东,https://item.jd.com/15979004390.html,倩碧（CLINIQUE）,倩碧（CLINIQUE）洁面仪,倩碧（CLINIQUE） 男士护肤系列 声波洁面仪替换刷头,美妆护肤,152.00,30,1.0,30,0,0,0,0,"倩碧（CLINIQUE） 男士护肤系列 声波', '替换刷头",15979004390,2018-05-17 23:56:02
京东,https://item.jd.com/12737509890.html,金稻,金稻洁面仪,金稻家用营养导入美容仪器射频水光嫩肤仪洁面仪KD-9918 白色,家用电器,218.00,0,1.0,0,0,0,0,0,"金稻家用营养导入美容仪器射频水光嫩肤仪', 'KD-9918 白色",12737509890,2018-05-17 23:56:02
京东,https://item.jd.com/12141825998.html,玉兰油（OLAY）,玉兰油（OLAY）洁面仪,玉兰油 Pro-X微晶亮肤洁面仪套装 保湿   滋润 护肤,美妆护肤,244.00,0,1.0,0,0,0,0,0,"玉兰油 Pro-X微晶亮肤', '套装 保湿   滋润 护肤",12141825998,2018-05-17 23:56:02
京东,https://item.jd.com/25905728629.html,松下（Panasonic）,松下（Panasonic）洁面仪,松下（Panasonic） 多功能美容仪EH-ST75温热导入家用洁面仪按摩电动美容仪 白色,家用电器,1698.00,0,1.0,0,0,0,0,0,"松下（Panasonic） 多功能美容仪EH-ST75温热导入家用', '按摩电动美容仪 白色",25905728629,2018-05-17 23:56:02
京东,https://item.jd.com/15470348509.html,DHG,DHG洁面仪,DHG 电动硅胶洁面仪 毛孔清洁电子美容仪按摩洗脸仪男女超声波洁面刷 JM01粉女郎,家用电器,138.00,5,1.0,5,0,0,0,0,"电动硅胶', ' 毛孔清洁电子美容仪按摩洗脸仪男女超声波洁面刷 JM01粉女郎",15470348509,2018-05-17 23:56:03
京东,https://item.jd.com/26765024490.html,PHILIPS,PHILIPS洁面仪,PHILIPS 飞利浦洁面仪 女士电子美容仪 洗脸刷 毛孔清洁器BSC201/00 白色BSC201/00,家用电器,499.00,0,1.0,0,0,0,0,0,"飞利浦', ' 女士电子美容仪 洗脸刷 毛孔清洁器BSC201/00 白色BSC201/00",26765024490,2018-05-17 23:56:03
京东,https://item.jd.com/12613877378.html,飞利浦（PHILIPS）,飞利浦（PHILIPS）洁面仪,飞利浦（PHILIPS）男士洁面仪MS5031  控油洁面仪  控油净透洁肤仪 洗脸刷仪,家用电器,999.00,3,1.0,3,0,0,0,2,"飞利浦（PHILIPS）男士', 'MS5031  控油', '  控油净透洁肤仪 洗脸刷仪",12613877378,2018-05-17 23:56:03
京东,https://item.jd.com/25882021122.html,CFCF,CFCF洁面仪,CFCF 才妃洗脸神器电动洁面仪洗脸仪羊毛局部替换刷头 羊毛局部,家用电器,20.00,0,1.0,0,0,0,0,0,"才妃洗脸神器电动', '洗脸仪羊毛局部替换刷头 羊毛局部",25882021122,2018-05-17 23:56:03
京东,https://item.jd.com/26920174374.html,康途（KANGTU）,康途（KANGTU）洁面仪,康途电动硅胶洁面仪 可充电洁面仪 竹炭洁面仪 毛孔黑头清洁 超声波洗脸洁面刷 电子美容仪按摩洗脸仪 网红款KT01粉色,家用电器,89.00,10,1.0,10,0,0,0,0,"康途电动硅胶', ' 可充电', ' 竹炭', ' 毛孔黑头清洁 超声波洗脸洁面刷 电子美容仪按摩洗脸仪 网红款KT01粉色",26920174374,2018-05-17 23:56:03
京东,https://item.jd.com/12614065495.html,飞利浦（PHILIPS）,飞利浦（PHILIPS）洁面仪,飞利浦（PHILIPS）多功能洁面仪SC5340/10美容仪焕肤电子SPA仪面脸部按摩美容,家用电器,1688.00,0,1.0,0,0,0,0,0,"飞利浦（PHILIPS）多功能', 'SC5340/10美容仪焕肤电子SPA仪面脸部按摩美容",12614065495,2018-05-17 23:56:03
京东,https://item.jd.com/13153554627.html,松俊,松俊洁面仪,松俊吸黑头仪器洁面仪毛孔清洁脸部电动美容仪器家用 紫色,家用电器,69.00,8,0.62,5,2,1,0,1,"松俊吸黑头仪器', '毛孔清洁脸部电动美容仪器家用 紫色",13153554627,2018-05-17 23:56:03
京东,https://item.jd.com/10550245138.html,飞利浦（PHILIPS）,飞利浦（PHILIPS）洁面仪,飞利浦（PHILIPS）净颜焕采洁肤 洁面仪深层清洁 敏感刷头,美妆护肤,119.00,50,1.0,50,0,0,0,2,"飞利浦（PHILIPS）净颜焕采洁肤 ', '深层清洁 敏感刷头",10550245138,2018-05-17 23:56:03
京东,https://item.jd.com/12186892842.html,goodwind,goodwind洁面仪,彩光淡斑嫩肤仪超声波美容仪离子导入导出祛痘洁面仪 松石绿,家用电器,699.00,0,1.0,0,0,0,0,0,"彩光淡斑嫩肤仪超声波美容仪离子导入导出祛痘', ' 松石绿",12186892842,2018-05-17 23:56:03
京东,https://item.jd.com/10871611329.html,惠迪（HUIDI）,惠迪（HUIDI）洁面仪,惠迪（HUIDI）电动洁面仪洗脸仪洗去黑头神器毛孔清洁器眼部按摩仪器 C1-16B 粉红色,家用电器,168.00,200,0.93,100,4,9,2,40,"惠迪（HUIDI）电动', '洗脸仪洗去黑头神器毛孔清洁器眼部按摩仪器 C1-16B 粉红色",10871611329,2018-05-17 23:56:03
京东,https://item.jd.com/25231013641.html,DHG,DHG洁面仪,DHG 美容仪 洁面仪 瘦脸仪 补水仪美容组合豪华礼包四件套 美容产品优惠组合套装,家用电器,465.00,2,1.0,2,0,0,0,1,"美容仪 ', ' 瘦脸仪 补水仪美容组合豪华礼包四件套 美容产品优惠组合套装",25231013641,2018-05-17 23:56:03
京东,https://item.jd.com/14018563682.html,PHILIPS,PHILIPS洁面仪,PHILIPS 飞利浦洁面仪SC5340 5320 5360 5370 SC53充电底座,家用电器,145.00,1,1.0,1,0,0,0,0,"飞利浦', 'SC5340 5320 5360 5370 SC53充电底座",14018563682,2018-05-17 23:56:03
京东,https://item.jd.com/1535766238.html,科莱丽（Clarisonic）,科莱丽（Clarisonic）洁面仪,科莱丽（Clarisonic） 声波洁面仪Mia电动洗脸刷头 面部刷头(深层清洁型),美妆护肤,210.00,700,0.99,700,4,3,4,50,"科莱丽（Clarisonic） 声波', 'Mia电动洗脸刷头 面部刷头(深层清洁型",1535766238,2018-05-17 23:56:03
京东,https://item.jd.com/11502890248.html,松俊,松俊洁面仪,松俊 吸黑头仪器洁面仪毛孔清洁器去黑头电动吸粉刺油脂 白色,家用电器,159.00,8,1.0,8,0,0,0,1,"松俊 吸黑头仪器', '毛孔清洁器去黑头电动吸粉刺油脂 白色",11502890248,2018-05-17 23:56:03
京东,https://item.jd.com/25910168984.html,KVG,KVG洁面仪,KVG 洁面仪 硅胶电动毛孔清洁美容按摩洗脸器 面部美容器 洁面仪 玫瑰红色,美妆护肤,129.00,40,1.0,40,0,0,0,0,"硅胶电动毛孔清洁美容按摩洗脸器 面部美容器 ', ' 玫瑰红色",25910168984,2018-05-17 23:56:04
京东,https://item.jd.com/26435710557.html,ulike,ulike洁面仪,韩国Ulike电动洁面仪洗脸仪男女家用毛孔清洁器充电式硅胶美容洗脸刷 蓝色,家用电器,799.00,0,1.0,0,0,0,0,0,"韩国Ulike电动', '洗脸仪男女家用毛孔清洁器充电式硅胶美容洗脸刷 蓝色",26435710557,2018-05-17 23:56:04
京东,https://item.jd.com/14709024589.html,蓓慈,蓓慈洁面仪,蓓慈 （BEICI）蒸脸器BN5071家用洁面仪纳米喷雾机补水仪器,家用电器,179.00,0,1.0,0,0,0,0,0,"蓓慈 （BEICI）蒸脸器BN5071家用', '纳米喷雾机补水仪器",14709024589,2018-05-17 23:56:04
京东,https://item.jd.com/12737472142.html,金稻,金稻洁面仪,金稻祛黑头吸黑头仪超声波铲皮洁面仪器毛孔清洁器KD8022A 白色,家用电器,298.00,1,1.0,1,0,0,0,0,"金稻祛黑头吸黑头仪超声波铲皮', '器毛孔清洁器KD8022A 白色",12737472142,2018-05-17 23:56:04
京东,https://item.jd.com/10880312220.html,飞利浦（PHILIPS）,飞利浦（PHILIPS）洁面仪,飞利浦（PHILIPS）多功能美容仪焕肤电子洁面仪SPA仪SC5340/10面脸部按摩美容,家用电器,1688.00,3,1.0,3,0,0,0,1,"飞利浦（PHILIPS）多功能美容仪焕肤电子', 'SPA仪SC5340/10面脸部按摩美容",10880312220,2018-05-17 23:56:04
京东,https://item.jd.com/12886966756.html,FaSoLa,FaSoLa洁面仪,FaSoLa  柔软纤细洗脸刷卸妆刷洁面仪毛孔清洁器软毛去黑头洁面刷 长柄立式洁面刷,美妆护肤,23.30,70,0.98,70,1,0,0,3,"柔软纤细洗脸刷卸妆刷', '毛孔清洁器软毛去黑头洁面刷 长柄立式洁面刷",12886966756,2018-05-17 23:56:04
京东,https://item.jd.com/12737493927.html,金稻,金稻洁面仪,【杨幂热荐】金稻蒸脸器KD-2331S美容仪器家用补水洁面仪器 白色,家用电器,198.00,0,1.0,0,0,0,0,0,"杨幂热荐】金稻蒸脸器KD-2331S美容仪器家用补水', '器 白色",12737493927,2018-05-17 23:56:04
